node_count,tx_power,duty_cycle,_seed,_rep,energy,pdr,latency
100,1.0,0.026896551724137928,42,0,0.026896551724137928,0.0,383.1240965549725
100,1.0,0.060689655172413794,42,0,0.060689655172413794,0.0,169.79363370049913
100,1.0,0.14517241379310344,42,0,0.14517241379310344,0.0,70.9826117132728
100,1.0,0.09448275862068964,42,0,0.09448275862068964,0.0,109.06452383681699
100,1.0,0.07758620689655171,42,0,0.07758620689655171,0.0,132.81635347239046
100,1.0,0.01,42,0,0.01,0.0,1030.471707975443
100,1.0,0.16206896551724137,42,0,0.16206896551724137,0.0,63.58229687508053
100,1.0,0.1789655172413793,42,0,0.1789655172413793,0.0,57.57934399092072
100,1.0,0.19586206896551722,42,0,0.19586206896551722,0.0,52.612111850858895
100,1.0,0.21275862068965518,42,0,0.21275862068965518,0.0,48.433840407273664
100,1.0,0.2296551724137931,42,0,0.2296551724137931,0.0,44.870389686618395
100,1.0,0.24655172413793103,42,0,0.24655172413793103,0.0,41.79535598781518
100,1.0,0.2634482758620689,42,0,0.2634482758620689,0.0,39.11476378440818
100,1.0,0.2803448275862069,42,0,0.2803448275862069,0.0,36.75729339641802
100,1.0,0.29724137931034483,42,0,0.29724137931034483,0.0,34.667841683628595
100,1.0,0.04379310344827586,42,0,0.04379310344827586,0.0,235.30456323848702
100,1.0,0.3479310344827586,42,0,0.3479310344827586,0.0,29.617125402663877
100,1.0,0.3310344827586207,42,0,0.3310344827586207,0.0,31.12883284509151
100,1.0,0.31413793103448273,42,0,0.31413793103448273,0.0,32.8031608466387
100,1.0,0.36482758620689654,42,0,0.36482758620689654,0.0,28.245443791387384
100,1.0,0.38172413793103444,42,0,0.38172413793103444,0.0,26.995193795201313
100,1.0,0.41551724137931034,42,0,0.41551724137931034,0.0,24.799734050861286
100,1.0,0.43241379310344824,42,0,0.43241379310344824,0.0,23.830685431649005
100,1.0,0.4493103448275862,42,0,0.4493103448275862,0.0,22.93451997796458
100,1.0,0.3986206896551724,42,0,0.3986206896551724,0.0,25.850933850595027
100,1.0,0.4662068965517241,42,0,0.4662068965517241,0.0,22.103313262786873
100,1.0,0.5,42,0,0.5,0.0,20.60943415950886
100,1.0,0.48310344827586205,42,0,0.48310344827586205,0.0,21.330249487000607
100,1.6551724137931034,0.01,42,0,0.016551724137931035,0.3774237192380061,1030.471707975443
100,1.6551724137931034,0.026896551724137928,42,0,0.04451843043995243,0.3774237192380061,383.1240965549725
100,1.6551724137931034,0.04379310344827586,42,0,0.07248513674197384,0.3774237192380061,235.30456323848702
100,1.6551724137931034,0.07758620689655171,42,0,0.12841854934601662,0.3774237192380061,132.81635347239046
100,1.6551724137931034,0.060689655172413794,42,0,0.10045184304399524,0.3774237192380061,169.79363370049913
100,1.6551724137931034,0.09448275862068964,42,0,0.156385255648038,0.3774237192380061,109.06452383681699
100,1.6551724137931034,0.12827586206896552,42,0,0.21231866825208084,0.3774237192380061,80.33247185830066
100,1.6551724137931034,0.11137931034482758,42,0,0.18435196195005943,0.3774237192380061,92.51913167581378
100,1.6551724137931034,0.14517241379310344,42,0,0.24028537455410226,0.3774237192380061,70.9826117132728
100,1.6551724137931034,0.16206896551724137,42,0,0.2682520808561236,0.3774237192380061,63.58229687508053
100,1.6551724137931034,0.1789655172413793,42,0,0.29621878715814504,0.3774237192380061,57.57934399092072
100,1.6551724137931034,0.19586206896551722,42,0,0.32418549346016645,0.3774237192380061,52.612111850858895
100,1.6551724137931034,0.21275862068965518,42,0,0.35215219976218787,0.3774237192380061,48.433840407273664
100,1.6551724137931034,0.24655172413793103,42,0,0.40808561236623064,0.3774237192380061,41.79535598781518
100,1.6551724137931034,0.2296551724137931,42,0,0.3801189060642093,0.3774237192380061,44.870389686618395
100,1.0,0.11137931034482758,42,0,0.11137931034482758,0.0,92.51913167581378
100,1.6551724137931034,0.2634482758620689,42,0,0.436052318668252,0.3774237192380061,39.11476378440818
100,1.6551724137931034,0.2803448275862069,42,0,0.4640190249702735,0.3774237192380061,36.75729339641802
100,1.0,0.12827586206896552,42,0,0.12827586206896552,0.0,80.33247185830066
100,1.6551724137931034,0.29724137931034483,42,0,0.4919857312722949,0.3774237192380061,34.667841683628595
100,1.6551724137931034,0.31413793103448273,42,0,0.5199524375743162,0.3774237192380061,32.8031608466387
100,1.6551724137931034,0.3479310344827586,42,0,0.575885850178359,0.3774237192380061,29.617125402663877
100,1.6551724137931034,0.36482758620689654,42,0,0.6038525564803805,0.3774237192380061,28.245443791387384
100,1.6551724137931034,0.38172413793103444,42,0,0.6318192627824019,0.3774237192380061,26.995193795201313
100,1.6551724137931034,0.3986206896551724,42,0,0.6597859690844232,0.3774237192380061,25.850933850595027
100,1.6551724137931034,0.3310344827586207,42,0,0.5479191438763377,0.3774237192380061,31.12883284509151
100,1.6551724137931034,0.41551724137931034,42,0,0.6877526753864447,0.3774237192380061,24.799734050861286
100,1.6551724137931034,0.43241379310344824,42,0,0.715719381688466,0.3774237192380061,23.830685431649005
100,1.6551724137931034,0.4493103448275862,42,0,0.7436860879904875,0.3774237192380061,22.93451997796458
100,1.6551724137931034,0.48310344827586205,42,0,0.7996195005945302,0.3774237192380061,21.330249487000607
100,1.6551724137931034,0.5,42,0,0.8275862068965517,0.3774237192380061,20.60943415950886
100,2.310344827586207,0.01,42,0,0.023103448275862068,0.5539751254243808,1030.471707975443
100,2.310344827586207,0.026896551724137928,42,0,0.06214030915576694,0.5539751254243808,383.1240965549725
100,2.310344827586207,0.04379310344827586,42,0,0.10117717003567181,0.5539751254243808,235.30456323848702
100,2.310344827586207,0.07758620689655171,42,0,0.17925089179548154,0.5539751254243808,132.81635347239046
100,2.310344827586207,0.060689655172413794,42,0,0.1402140309155767,0.5539751254243808,169.79363370049913
100,2.310344827586207,0.09448275862068964,42,0,0.21828775267538642,0.5539751254243808,109.06452383681699
100,2.310344827586207,0.11137931034482758,42,0,0.2573246135552913,0.5539751254243808,92.51913167581378
100,2.310344827586207,0.16206896551724137,42,0,0.3744351961950059,0.5539751254243808,63.58229687508053
100,2.310344827586207,0.14517241379310344,42,0,0.33539833531510105,0.5539751254243808,70.9826117132728
100,2.310344827586207,0.12827586206896552,42,0,0.29636147443519617,0.5539751254243808,80.33247185830066
100,1.6551724137931034,0.4662068965517241,42,0,0.7716527942925089,0.3774237192380061,22.103313262786873
100,2.310344827586207,0.1789655172413793,42,0,0.4134720570749108,0.5539751254243808,57.57934399092072
100,2.310344827586207,0.19586206896551722,42,0,0.4525089179548156,0.5539751254243808,52.612111850858895
100,2.310344827586207,0.21275862068965518,42,0,0.49154577883472056,0.5539751254243808,48.433840407273664
100,2.310344827586207,0.24655172413793103,42,0,0.5696195005945303,0.5539751254243808,41.79535598781518
100,2.310344827586207,0.2634482758620689,42,0,0.6086563614744351,0.5539751254243808,39.11476378440818
100,2.310344827586207,0.2296551724137931,42,0,0.5305826397146254,0.5539751254243808,44.870389686618395
100,2.310344827586207,0.29724137931034483,42,0,0.6867300832342449,0.5539751254243808,34.667841683628595
100,2.310344827586207,0.31413793103448273,42,0,0.7257669441141498,0.5539751254243808,32.8031608466387
100,2.310344827586207,0.2803448275862069,42,0,0.64769322235434,0.5539751254243808,36.75729339641802
100,2.310344827586207,0.3479310344827586,42,0,0.8038406658739594,0.5539751254243808,29.617125402663877
100,2.310344827586207,0.3310344827586207,42,0,0.7648038049940546,0.5539751254243808,31.12883284509151
100,2.310344827586207,0.36482758620689654,42,0,0.8428775267538644,0.5539751254243808,28.245443791387384
100,2.310344827586207,0.38172413793103444,42,0,0.8819143876337692,0.5539751254243808,26.995193795201313
100,2.310344827586207,0.3986206896551724,42,0,0.9209512485136742,0.5539751254243808,25.850933850595027
100,2.310344827586207,0.41551724137931034,42,0,0.959988109393579,0.5539751254243808,24.799734050861286
100,2.310344827586207,0.4493103448275862,42,0,1.0380618311533887,0.5539751254243808,22.93451997796458
100,2.310344827586207,0.48310344827586205,42,0,1.1161355529131984,0.5539751254243808,21.330249487000607
100,2.310344827586207,0.4662068965517241,42,0,1.0770986920332937,0.5539751254243808,22.103313262786873
100,2.310344827586207,0.5,42,0,1.1551724137931034,0.5539751254243808,20.60943415950886
100,2.9655172413793105,0.026896551724137928,42,0,0.07976218787158144,0.652515471462366,383.1240965549725
100,2.9655172413793105,0.01,42,0,0.029655172413793104,0.652515471462366,1030.471707975443
100,2.310344827586207,0.43241379310344824,42,0,0.9990249702734838,0.5539751254243808,23.830685431649005
100,2.9655172413793105,0.04379310344827586,42,0,0.1298692033293698,0.652515471462366,235.30456323848702
100,2.9655172413793105,0.060689655172413794,42,0,0.17997621878715817,0.652515471462366,169.79363370049913
100,2.9655172413793105,0.07758620689655171,42,0,0.23008323424494648,0.652515471462366,132.81635347239046
100,2.9655172413793105,0.09448275862068964,42,0,0.2801902497027348,0.652515471462366,109.06452383681699
100,2.9655172413793105,0.11137931034482758,42,0,0.33029726516052316,0.652515471462366,92.51913167581378
100,2.9655172413793105,0.12827586206896552,42,0,0.38040428061831155,0.652515471462366,80.33247185830066
100,2.9655172413793105,0.16206896551724137,42,0,0.48061831153388823,0.652515471462366,63.58229687508053
100,2.9655172413793105,0.1789655172413793,42,0,0.5307253269916765,0.652515471462366,57.57934399092072
100,2.9655172413793105,0.14517241379310344,42,0,0.4305112960760999,0.652515471462366,70.9826117132728
100,2.9655172413793105,0.19586206896551722,42,0,0.5808323424494649,0.652515471462366,52.612111850858895
100,2.9655172413793105,0.21275862068965518,42,0,0.6309393579072533,0.652515471462366,48.433840407273664
100,2.9655172413793105,0.2296551724137931,42,0,0.6810463733650417,0.652515471462366,44.870389686618395
100,2.9655172413793105,0.24655172413793103,42,0,0.73115338882283,0.652515471462366,41.79535598781518
100,2.9655172413793105,0.2634482758620689,42,0,0.7812604042806183,0.652515471462366,39.11476378440818
100,2.9655172413793105,0.2803448275862069,42,0,0.8313674197384067,0.652515471462366,36.75729339641802
100,2.9655172413793105,0.31413793103448273,42,0,0.9315814506539833,0.652515471462366,32.8031608466387
100,2.9655172413793105,0.29724137931034483,42,0,0.8814744351961951,0.652515471462366,34.667841683628595
100,2.9655172413793105,0.3310344827586207,42,0,0.9816884661117717,0.652515471462366,31.12883284509151
100,2.9655172413793105,0.3479310344827586,42,0,1.03179548156956,0.652515471462366,29.617125402663877
100,2.9655172413793105,0.36482758620689654,42,0,1.0819024970273483,0.652515471462366,28.245443791387384
100,2.9655172413793105,0.38172413793103444,42,0,1.1320095124851366,0.652515471462366,26.995193795201313
100,2.9655172413793105,0.3986206896551724,42,0,1.182116527942925,0.652515471462366,25.850933850595027
100,2.9655172413793105,0.41551724137931034,42,0,1.2322235434007134,0.652515471462366,24.799734050861286
100,2.9655172413793105,0.4493103448275862,42,0,1.3324375743162902,0.652515471462366,22.93451997796458
100,2.9655172413793105,0.48310344827586205,42,0,1.4326516052318667,0.652515471462366,21.330249487000607
100,2.9655172413793105,0.4662068965517241,42,0,1.3825445897740785,0.652515471462366,22.103313262786873
100,2.9655172413793105,0.43241379310344824,42,0,1.2823305588585017,0.652515471462366,23.830685431649005
100,2.9655172413793105,0.5,42,0,1.4827586206896552,0.652515471462366,20.60943415950886
100,3.6206896551724137,0.01,42,0,0.03620689655172414,0.7153936068790243,1030.471707975443
100,3.6206896551724137,0.060689655172413794,42,0,0.2197384066587396,0.7153936068790243,169.79363370049913
100,3.6206896551724137,0.07758620689655171,42,0,0.28091557669441136,0.7153936068790243,132.81635347239046
100,3.6206896551724137,0.11137931034482758,42,0,0.403269916765755,0.7153936068790243,92.51913167581378
100,3.6206896551724137,0.09448275862068964,42,0,0.34209274673008316,0.7153936068790243,109.06452383681699
100,3.6206896551724137,0.026896551724137928,42,0,0.09738406658739594,0.7153936068790243,383.1240965549725
100,3.6206896551724137,0.14517241379310344,42,0,0.5256242568370987,0.7153936068790243,70.9826117132728
100,3.6206896551724137,0.12827586206896552,42,0,0.4644470868014269,0.7153936068790243,80.33247185830066
100,3.6206896551724137,0.04379310344827586,42,0,0.15856123662306776,0.7153936068790243,235.30456323848702
100,3.6206896551724137,0.16206896551724137,42,0,0.5868014268727705,0.7153936068790243,63.58229687508053
100,3.6206896551724137,0.1789655172413793,42,0,0.6479785969084423,0.7153936068790243,57.57934399092072
100,3.6206896551724137,0.21275862068965518,42,0,0.770332936979786,0.7153936068790243,48.433840407273664
100,3.6206896551724137,0.2803448275862069,42,0,1.0150416171224732,0.7153936068790243,36.75729339641802
100,3.6206896551724137,0.24655172413793103,42,0,0.8926872770511296,0.7153936068790243,41.79535598781518
100,3.6206896551724137,0.2634482758620689,42,0,0.9538644470868013,0.7153936068790243,39.11476378440818
100,3.6206896551724137,0.19586206896551722,42,0,0.7091557669441141,0.7153936068790243,52.612111850858895
100,3.6206896551724137,0.29724137931034483,42,0,1.076218787158145,0.7153936068790243,34.667841683628595
100,3.6206896551724137,0.2296551724137931,42,0,0.8315101070154578,0.7153936068790243,44.870389686618395
100,3.6206896551724137,0.3310344827586207,42,0,1.1985731272294886,0.7153936068790243,31.12883284509151
100,3.6206896551724137,0.36482758620689654,42,0,1.3209274673008322,0.7153936068790243,28.245443791387384
100,3.6206896551724137,0.3479310344827586,42,0,1.2597502972651604,0.7153936068790243,29.617125402663877
100,3.6206896551724137,0.41551724137931034,42,0,1.5044589774078478,0.7153936068790243,24.799734050861286
100,3.6206896551724137,0.3986206896551724,42,0,1.4432818073721758,0.7153936068790243,25.850933850595027
100,3.6206896551724137,0.38172413793103444,42,0,1.382104637336504,0.7153936068790243,26.995193795201313
100,3.6206896551724137,0.31413793103448273,42,0,1.1373959571938168,0.7153936068790243,32.8031608466387
100,3.6206896551724137,0.43241379310344824,42,0,1.5656361474435194,0.7153936068790243,23.830685431649005
100,3.6206896551724137,0.4493103448275862,42,0,1.6268133174791914,0.7153936068790243,22.93451997796458
100,3.6206896551724137,0.48310344827586205,42,0,1.749167657550535,0.7153936068790243,21.330249487000607
100,3.6206896551724137,0.4662068965517241,42,0,1.687990487514863,0.7153936068790243,22.103313262786873
100,3.6206896551724137,0.5,42,0,1.8103448275862069,0.7153936068790243,20.60943415950886
100,4.275862068965517,0.01,42,0,0.04275862068965517,0.7590026407873836,1030.471707975443
100,4.275862068965517,0.04379310344827586,42,0,0.18725326991676575,0.7590026407873836,235.30456323848702
100,4.275862068965517,0.026896551724137928,42,0,0.11500594530321044,0.7590026407873836,383.1240965549725
100,4.275862068965517,0.060689655172413794,42,0,0.25950059453032104,0.7590026407873836,169.79363370049913
100,4.275862068965517,0.07758620689655171,42,0,0.33174791914387625,0.7590026407873836,132.81635347239046
100,4.275862068965517,0.09448275862068964,42,0,0.4039952437574315,0.7590026407873836,109.06452383681699
100,4.275862068965517,0.12827586206896552,42,0,0.5484898929845422,0.7590026407873836,80.33247185830066
100,4.275862068965517,0.11137931034482758,42,0,0.47624256837098683,0.7590026407873836,92.51913167581378
100,4.275862068965517,0.16206896551724137,42,0,0.6929845422116527,0.7590026407873836,63.58229687508053
100,4.275862068965517,0.14517241379310344,42,0,0.6207372175980974,0.7590026407873836,70.9826117132728
100,4.275862068965517,0.1789655172413793,42,0,0.7652318668252079,0.7590026407873836,57.57934399092072
100,4.275862068965517,0.21275862068965518,42,0,0.9097265160523186,0.7590026407873836,48.433840407273664
100,4.275862068965517,0.2296551724137931,42,0,0.9819738406658739,0.7590026407873836,44.870389686618395
100,4.275862068965517,0.24655172413793103,42,0,1.054221165279429,0.7590026407873836,41.79535598781518
100,4.275862068965517,0.19586206896551722,42,0,0.8374791914387633,0.7590026407873836,52.612111850858895
100,4.275862068965517,0.2634482758620689,42,0,1.1264684898929842,0.7590026407873836,39.11476378440818
100,4.275862068965517,0.2803448275862069,42,0,1.1987158145065397,0.7590026407873836,36.75729339641802
100,4.275862068965517,0.29724137931034483,42,0,1.270963139120095,0.7590026407873836,34.667841683628595
100,4.275862068965517,0.31413793103448273,42,0,1.3432104637336502,0.7590026407873836,32.8031608466387
100,4.275862068965517,0.3310344827586207,42,0,1.4154577883472055,0.7590026407873836,31.12883284509151
100,4.275862068965517,0.3479310344827586,42,0,1.4877051129607608,0.7590026407873836,29.617125402663877
100,4.275862068965517,0.36482758620689654,42,0,1.5599524375743161,0.7590026407873836,28.245443791387384
100,4.275862068965517,0.38172413793103444,42,0,1.6321997621878712,0.7590026407873836,26.995193795201313
100,4.275862068965517,0.3986206896551724,42,0,1.7044470868014265,0.7590026407873836,25.850933850595027
100,4.275862068965517,0.41551724137931034,42,0,1.776694411414982,0.7590026407873836,24.799734050861286
100,4.275862068965517,0.43241379310344824,42,0,1.8489417360285372,0.7590026407873836,23.830685431649005
100,4.275862068965517,0.4493103448275862,42,0,1.9211890606420925,0.7590026407873836,22.93451997796458
100,4.275862068965517,0.4662068965517241,42,0,1.9934363852556476,0.7590026407873836,22.103313262786873
100,4.275862068965517,0.48310344827586205,42,0,2.065683709869203,0.7590026407873836,21.330249487000607
100,4.275862068965517,0.5,42,0,2.1379310344827585,0.7590026407873836,20.60943415950886
100,4.931034482758621,0.026896551724137928,42,0,0.13262782401902495,0.791023262440822,383.1240965549725
100,4.931034482758621,0.060689655172413794,42,0,0.2992627824019025,0.791023262440822,169.79363370049913
100,4.931034482758621,0.07758620689655171,42,0,0.38258026159334124,0.791023262440822,132.81635347239046
100,4.931034482758621,0.09448275862068964,42,0,0.46589774078477997,0.791023262440822,109.06452383681699
100,4.931034482758621,0.11137931034482758,42,0,0.5492152199762188,0.791023262440822,92.51913167581378
100,4.931034482758621,0.14517241379310344,42,0,0.7158501783590964,0.791023262440822,70.9826117132728
100,4.931034482758621,0.12827586206896552,42,0,0.6325326991676576,0.791023262440822,80.33247185830066
100,4.931034482758621,0.16206896551724137,42,0,0.7991676575505351,0.791023262440822,63.58229687508053
100,4.931034482758621,0.1789655172413793,42,0,0.8824851367419738,0.791023262440822,57.57934399092072
100,4.931034482758621,0.04379310344827586,42,0,0.21594530321046373,0.791023262440822,235.30456323848702
100,4.931034482758621,0.01,42,0,0.049310344827586214,0.791023262440822,1030.471707975443
100,4.931034482758621,0.19586206896551722,42,0,0.9658026159334125,0.791023262440822,52.612111850858895
100,4.931034482758621,0.21275862068965518,42,0,1.0491200951248514,0.791023262440822,48.433840407273664
100,4.931034482758621,0.2296551724137931,42,0,1.1324375743162902,0.791023262440822,44.870389686618395
100,4.931034482758621,0.24655172413793103,42,0,1.2157550535077288,0.791023262440822,41.79535598781518
100,4.931034482758621,0.2634482758620689,42,0,1.2990725326991674,0.791023262440822,39.11476378440818
100,4.931034482758621,0.2803448275862069,42,0,1.3823900118906065,0.791023262440822,36.75729339641802
100,4.931034482758621,0.29724137931034483,42,0,1.4657074910820453,0.791023262440822,34.667841683628595
100,4.931034482758621,0.3310344827586207,42,0,1.6323424494649228,0.791023262440822,31.12883284509151
100,4.931034482758621,0.31413793103448273,42,0,1.549024970273484,0.791023262440822,32.8031608466387
100,4.931034482758621,0.3479310344827586,42,0,1.7156599286563614,0.791023262440822,29.617125402663877
100,4.931034482758621,0.36482758620689654,42,0,1.7989774078478002,0.791023262440822,28.245443791387384
100,4.931034482758621,0.38172413793103444,42,0,1.8822948870392389,0.791023262440822,26.995193795201313
100,4.931034482758621,0.3986206896551724,42,0,1.9656123662306777,0.791023262440822,25.850933850595027
100,4.931034482758621,0.4662068965517241,42,0,2.298882282996433,0.791023262440822,22.103313262786873
100,4.931034482758621,0.4493103448275862,42,0,2.215564803804994,0.791023262440822,22.93451997796458
100,4.931034482758621,0.43241379310344824,42,0,2.132247324613555,0.791023262440822,23.830685431649005
100,4.931034482758621,0.48310344827586205,42,0,2.3821997621878714,0.791023262440822,21.330249487000607
100,5.586206896551724,0.01,42,0,0.05586206896551724,0.8155328754213504,1030.471707975443
100,5.586206896551724,0.026896551724137928,42,0,0.15024970273483945,0.8155328754213504,383.1240965549725
100,4.931034482758621,0.5,42,0,2.4655172413793105,0.791023262440822,20.60943415950886
100,5.586206896551724,0.04379310344827586,42,0,0.2446373365041617,0.8155328754213504,235.30456323848702
100,5.586206896551724,0.07758620689655171,42,0,0.4334126040428061,0.8155328754213504,132.81635347239046
100,5.586206896551724,0.060689655172413794,42,0,0.33902497027348394,0.8155328754213504,169.79363370049913
100,4.931034482758621,0.41551724137931034,42,0,2.0489298454221165,0.791023262440822,24.799734050861286
100,5.586206896551724,0.09448275862068964,42,0,0.5278002378121284,0.8155328754213504,109.06452383681699
100,5.586206896551724,0.12827586206896552,42,0,0.7165755053507729,0.8155328754213504,80.33247185830066
100,5.586206896551724,0.11137931034482758,42,0,0.6221878715814506,0.8155328754213504,92.51913167581378
100,5.586206896551724,0.14517241379310344,42,0,0.8109631391200951,0.8155328754213504,70.9826117132728
100,5.586206896551724,0.16206896551724137,42,0,0.9053507728894173,0.8155328754213504,63.58229687508053
100,5.586206896551724,0.1789655172413793,42,0,0.9997384066587395,0.8155328754213504,57.57934399092072
100,5.586206896551724,0.19586206896551722,42,0,1.0941260404280617,0.8155328754213504,52.612111850858895
100,5.586206896551724,0.21275862068965518,42,0,1.188513674197384,0.8155328754213504,48.433840407273664
100,5.586206896551724,0.2296551724137931,42,0,1.2829013079667062,0.8155328754213504,44.870389686618395
100,5.586206896551724,0.2634482758620689,42,0,1.4716765755053505,0.8155328754213504,39.11476378440818
100,5.586206896551724,0.24655172413793103,42,0,1.3772889417360286,0.8155328754213504,41.79535598781518
100,5.586206896551724,0.29724137931034483,42,0,1.6604518430439954,0.8155328754213504,34.667841683628595
100,5.586206896551724,0.31413793103448273,42,0,1.7548394768133173,0.8155328754213504,32.8031608466387
100,5.586206896551724,0.2803448275862069,42,0,1.5660642092746728,0.8155328754213504,36.75729339641802
100,5.586206896551724,0.3479310344827586,42,0,1.9436147443519618,0.8155328754213504,29.617125402663877
100,5.586206896551724,0.3310344827586207,42,0,1.8492271105826397,0.8155328754213504,31.12883284509151
100,5.586206896551724,0.38172413793103444,42,0,2.1323900118906063,0.8155328754213504,26.995193795201313
100,5.586206896551724,0.36482758620689654,42,0,2.038002378121284,0.8155328754213504,28.245443791387384
100,5.586206896551724,0.3986206896551724,42,0,2.2267776456599284,0.8155328754213504,25.850933850595027
100,5.586206896551724,0.41551724137931034,42,0,2.321165279429251,0.8155328754213504,24.799734050861286
100,5.586206896551724,0.43241379310344824,42,0,2.415552913198573,0.8155328754213504,23.830685431649005
100,5.586206896551724,0.4493103448275862,42,0,2.5099405469678953,0.8155328754213504,22.93451997796458
100,5.586206896551724,0.4662068965517241,42,0,2.6043281807372174,0.8155328754213504,22.103313262786873
100,5.586206896551724,0.5,42,0,2.793103448275862,0.8155328754213504,20.60943415950886
100,6.241379310344827,0.01,42,0,0.06241379310344827,0.8348968246226753,1030.471707975443
100,5.586206896551724,0.48310344827586205,42,0,2.6987158145065395,0.8155328754213504,21.330249487000607
100,6.241379310344827,0.026896551724137928,42,0,0.16787158145065395,0.8348968246226753,383.1240965549725
100,6.241379310344827,0.060689655172413794,42,0,0.3787871581450654,0.8348968246226753,169.79363370049913
100,6.241379310344827,0.04379310344827586,42,0,0.27332936979785966,0.8348968246226753,235.30456323848702
100,6.241379310344827,0.07758620689655171,42,0,0.484244946492271,0.8348968246226753,132.81635347239046
100,6.241379310344827,0.09448275862068964,42,0,0.5897027348394767,0.8348968246226753,109.06452383681699
100,6.241379310344827,0.11137931034482758,42,0,0.6951605231866824,0.8348968246226753,92.51913167581378
100,6.241379310344827,0.14517241379310344,42,0,0.9060760998810938,0.8348968246226753,70.9826117132728
100,6.241379310344827,0.1789655172413793,42,0,1.1169916765755052,0.8348968246226753,57.57934399092072
100,6.241379310344827,0.12827586206896552,42,0,0.8006183115338882,0.8348968246226753,80.33247185830066
100,6.241379310344827,0.16206896551724137,42,0,1.0115338882282996,0.8348968246226753,63.58229687508053
100,6.241379310344827,0.24655172413793103,42,0,1.538822829964328,0.8348968246226753,41.79535598781518
100,6.241379310344827,0.2634482758620689,42,0,1.6442806183115335,0.8348968246226753,39.11476378440818
100,6.241379310344827,0.21275862068965518,42,0,1.3279072532699168,0.8348968246226753,48.433840407273664
100,6.241379310344827,0.2296551724137931,42,0,1.4333650416171224,0.8348968246226753,44.870389686618395
100,6.241379310344827,0.19586206896551722,42,0,1.222449464922711,0.8348968246226753,52.612111850858895
100,6.241379310344827,0.29724137931034483,42,0,1.8551961950059452,0.8348968246226753,34.667841683628595
100,6.241379310344827,0.2803448275862069,42,0,1.7497384066587394,0.8348968246226753,36.75729339641802
100,6.241379310344827,0.31413793103448273,42,0,1.9606539833531509,0.8348968246226753,32.8031608466387
100,6.241379310344827,0.3310344827586207,42,0,2.0661117717003568,0.8348968246226753,31.12883284509151
100,6.241379310344827,0.38172413793103444,42,0,2.3824851367419733,0.8348968246226753,26.995193795201313
100,6.241379310344827,0.3479310344827586,42,0,2.171569560047562,0.8348968246226753,29.617125402663877
100,6.241379310344827,0.36482758620689654,42,0,2.277027348394768,0.8348968246226753,28.245443791387384
100,6.241379310344827,0.3986206896551724,42,0,2.4879429250891794,0.8348968246226753,25.850933850595027
100,6.241379310344827,0.41551724137931034,42,0,2.593400713436385,0.8348968246226753,24.799734050861286
100,6.241379310344827,0.43241379310344824,42,0,2.6988585017835907,0.8348968246226753,23.830685431649005
100,6.241379310344827,0.4493103448275862,42,0,2.8043162901307963,0.8348968246226753,22.93451997796458
100,6.241379310344827,0.4662068965517241,42,0,2.909774078478002,0.8348968246226753,22.103313262786873
100,6.241379310344827,0.48310344827586205,42,0,3.015231866825208,0.8348968246226753,21.330249487000607
100,6.241379310344827,0.5,42,0,3.1206896551724137,0.8348968246226753,20.60943415950886
100,6.896551724137931,0.01,42,0,0.06896551724137931,0.8505816240092252,1030.471707975443
100,6.896551724137931,0.060689655172413794,42,0,0.41854934601664684,0.8505816240092252,169.79363370049913
100,6.896551724137931,0.026896551724137928,42,0,0.18549346016646845,0.8505816240092252,383.1240965549725
100,6.896551724137931,0.04379310344827586,42,0,0.3020214030915576,0.8505816240092252,235.30456323848702
100,6.896551724137931,0.07758620689655171,42,0,0.5350772889417359,0.8505816240092252,132.81635347239046
100,6.896551724137931,0.09448275862068964,42,0,0.6516052318668251,0.8505816240092252,109.06452383681699
100,6.896551724137931,0.11137931034482758,42,0,0.7681331747919143,0.8505816240092252,92.51913167581378
100,6.896551724137931,0.12827586206896552,42,0,0.8846611177170035,0.8505816240092252,80.33247185830066
100,6.896551724137931,0.14517241379310344,42,0,1.0011890606420926,0.8505816240092252,70.9826117132728
100,6.896551724137931,0.16206896551724137,42,0,1.1177170035671817,0.8505816240092252,63.58229687508053
100,6.896551724137931,0.19586206896551722,42,0,1.35077288941736,0.8505816240092252,52.612111850858895
100,6.896551724137931,0.1789655172413793,42,0,1.234244946492271,0.8505816240092252,57.57934399092072
100,6.896551724137931,0.21275862068965518,42,0,1.4673008323424495,0.8505816240092252,48.433840407273664
100,6.896551724137931,0.2296551724137931,42,0,1.5838287752675386,0.8505816240092252,44.870389686618395
100,6.896551724137931,0.2634482758620689,42,0,1.8168846611177165,0.8505816240092252,39.11476378440818
100,6.896551724137931,0.2803448275862069,42,0,1.933412604042806,0.8505816240092252,36.75729339641802
100,6.896551724137931,0.24655172413793103,42,0,1.7003567181926276,0.8505816240092252,41.79535598781518
100,6.896551724137931,0.31413793103448273,42,0,2.166468489892984,0.8505816240092252,32.8031608466387
100,6.896551724137931,0.3310344827586207,42,0,2.2829964328180736,0.8505816240092252,31.12883284509151
100,6.896551724137931,0.3479310344827586,42,0,2.3995243757431624,0.8505816240092252,29.617125402663877
100,6.896551724137931,0.36482758620689654,42,0,2.516052318668252,0.8505816240092252,28.245443791387384
100,6.896551724137931,0.38172413793103444,42,0,2.6325802615933407,0.8505816240092252,26.995193795201313
100,6.896551724137931,0.3986206896551724,42,0,2.7491082045184303,0.8505816240092252,25.850933850595027
100,6.896551724137931,0.43241379310344824,42,0,2.982164090368608,0.8505816240092252,23.830685431649005
100,6.896551724137931,0.41551724137931034,42,0,2.8656361474435195,0.8505816240092252,24.799734050861286
100,6.896551724137931,0.29724137931034483,42,0,2.0499405469678953,0.8505816240092252,34.667841683628595
100,6.896551724137931,0.4493103448275862,42,0,3.098692033293698,0.8505816240092252,22.93451997796458
100,6.896551724137931,0.4662068965517241,42,0,3.2152199762187865,0.8505816240092252,22.103313262786873
100,6.896551724137931,0.48310344827586205,42,0,3.331747919143876,0.8505816240092252,21.330249487000607
100,7.551724137931034,0.026896551724137928,42,0,0.20311533888228295,0.8635448603922886,383.1240965549725
100,7.551724137931034,0.01,42,0,0.07551724137931035,0.8635448603922886,1030.471707975443
100,6.896551724137931,0.5,42,0,3.4482758620689653,0.8505816240092252,20.60943415950886
100,7.551724137931034,0.04379310344827586,42,0,0.33071343638525563,0.8635448603922886,235.30456323848702
100,7.551724137931034,0.07758620689655171,42,0,0.5859096313912008,0.8635448603922886,132.81635347239046
100,7.551724137931034,0.060689655172413794,42,0,0.45831153388822826,0.8635448603922886,169.79363370049913
100,7.551724137931034,0.09448275862068964,42,0,0.7135077288941735,0.8635448603922886,109.06452383681699
100,7.551724137931034,0.11137931034482758,42,0,0.8411058263971462,0.8635448603922886,92.51913167581378
100,7.551724137931034,0.12827586206896552,42,0,0.9687039239001188,0.8635448603922886,80.33247185830066
100,7.551724137931034,0.16206896551724137,42,0,1.223900118906064,0.8635448603922886,63.58229687508053
100,7.551724137931034,0.14517241379310344,42,0,1.0963020214030914,0.8635448603922886,70.9826117132728
100,7.551724137931034,0.1789655172413793,42,0,1.3514982164090366,0.8635448603922886,57.57934399092072
100,7.551724137931034,0.19586206896551722,42,0,1.4790963139120092,0.8635448603922886,52.612111850858895
100,7.551724137931034,0.21275862068965518,42,0,1.6066944114149821,0.8635448603922886,48.433840407273664
100,7.551724137931034,0.2296551724137931,42,0,1.7342925089179546,0.8635448603922886,44.870389686618395
100,7.551724137931034,0.24655172413793103,42,0,1.8618906064209273,0.8635448603922886,41.79535598781518
100,7.551724137931034,0.2803448275862069,42,0,2.1170868014268724,0.8635448603922886,36.75729339641802
100,7.551724137931034,0.2634482758620689,42,0,1.9894887039238995,0.8635448603922886,39.11476378440818
100,7.551724137931034,0.29724137931034483,42,0,2.244684898929845,0.8635448603922886,34.667841683628595
100,7.551724137931034,0.31413793103448273,42,0,2.372282996432818,0.8635448603922886,32.8031608466387
100,7.551724137931034,0.3310344827586207,42,0,2.4998810939357905,0.8635448603922886,31.12883284509151
100,7.551724137931034,0.3479310344827586,42,0,2.6274791914387627,0.8635448603922886,29.617125402663877
100,7.551724137931034,0.38172413793103444,42,0,2.882675386444708,0.8635448603922886,26.995193795201313
100,7.551724137931034,0.36482758620689654,42,0,2.755077288941736,0.8635448603922886,28.245443791387384
100,7.551724137931034,0.3986206896551724,42,0,3.010273483947681,0.8635448603922886,25.850933850595027
100,7.551724137931034,0.41551724137931034,42,0,3.1378715814506535,0.8635448603922886,24.799734050861286
100,7.551724137931034,0.4493103448275862,42,0,3.393067776456599,0.8635448603922886,22.93451997796458
100,7.551724137931034,0.43241379310344824,42,0,3.265469678953626,0.8635448603922886,23.830685431649005
100,7.551724137931034,0.48310344827586205,42,0,3.648263971462544,0.8635448603922886,21.330249487000607
100,7.551724137931034,0.5,42,0,3.775862068965517,0.8635448603922886,20.60943415950886
100,7.551724137931034,0.4662068965517241,42,0,3.520665873959571,0.8635448603922886,22.103313262786873
100,8.206896551724139,0.01,42,0,0.0820689655172414,0.8744383365966403,1030.471707975443
100,8.206896551724139,0.026896551724137928,42,0,0.2207372175980975,0.8744383365966403,383.1240965549725
100,8.206896551724139,0.04379310344827586,42,0,0.35940546967895365,0.8744383365966403,235.30456323848702
100,8.206896551724139,0.07758620689655171,42,0,0.6367419738406659,0.8744383365966403,132.81635347239046
100,8.206896551724139,0.060689655172413794,42,0,0.4980737217598098,0.8744383365966403,169.79363370049913
100,8.206896551724139,0.09448275862068964,42,0,0.775410225921522,0.8744383365966403,109.06452383681699
100,8.206896551724139,0.11137931034482758,42,0,0.9140784780023782,0.8744383365966403,92.51913167581378
100,8.206896551724139,0.12827586206896552,42,0,1.0527467300832343,0.8744383365966403,80.33247185830066
100,8.206896551724139,0.14517241379310344,42,0,1.1914149821640905,0.8744383365966403,70.9826117132728
100,8.206896551724139,0.19586206896551722,42,0,1.6074197384066586,0.8744383365966403,52.612111850858895
100,8.206896551724139,0.16206896551724137,42,0,1.3300832342449465,0.8744383365966403,63.58229687508053
100,8.206896551724139,0.1789655172413793,42,0,1.4687514863258027,0.8744383365966403,57.57934399092072
100,8.206896551724139,0.21275862068965518,42,0,1.746087990487515,0.8744383365966403,48.433840407273664
100,8.206896551724139,0.2296551724137931,42,0,1.8847562425683713,0.8744383365966403,44.870389686618395
100,8.206896551724139,0.2634482758620689,42,0,2.162092746730083,0.8744383365966403,39.11476378440818
100,8.206896551724139,0.24655172413793103,42,0,2.0234244946492272,0.8744383365966403,41.79535598781518
100,8.206896551724139,0.2803448275862069,42,0,2.3007609988109397,0.8744383365966403,36.75729339641802
100,8.206896551724139,0.29724137931034483,42,0,2.439429250891796,0.8744383365966403,34.667841683628595
100,8.206896551724139,0.31413793103448273,42,0,2.5780975029726516,0.8744383365966403,32.8031608466387
100,8.206896551724139,0.3310344827586207,42,0,2.716765755053508,0.8744383365966403,31.12883284509151
100,8.206896551724139,0.3479310344827586,42,0,2.855434007134364,0.8744383365966403,29.617125402663877
100,8.206896551724139,0.3986206896551724,42,0,3.271438763376932,0.8744383365966403,25.850933850595027
100,8.206896551724139,0.41551724137931034,42,0,3.410107015457789,0.8744383365966403,24.799734050861286
100,8.206896551724139,0.38172413793103444,42,0,3.132770511296076,0.8744383365966403,26.995193795201313
100,8.206896551724139,0.43241379310344824,42,0,3.5487752675386446,0.8744383365966403,23.830685431649005
100,8.206896551724139,0.36482758620689654,42,0,2.99410225921522,0.8744383365966403,28.245443791387384
100,8.206896551724139,0.4493103448275862,42,0,3.687443519619501,0.8744383365966403,22.93451997796458
100,8.206896551724139,0.4662068965517241,42,0,3.8261117717003565,0.8744383365966403,22.103313262786873
100,8.206896551724139,0.48310344827586205,42,0,3.964780023781213,0.8744383365966403,21.330249487000607
100,8.206896551724139,0.5,42,0,4.103448275862069,0.8744383365966403,20.60943415950886
100,8.862068965517242,0.01,42,0,0.08862068965517242,0.8837211044389109,1030.471707975443
100,8.862068965517242,0.026896551724137928,42,0,0.238359096313912,0.8837211044389109,383.1240965549725
100,8.862068965517242,0.04379310344827586,42,0,0.3880975029726516,0.8837211044389109,235.30456323848702
100,8.862068965517242,0.07758620689655171,42,0,0.6875743162901308,0.8837211044389109,132.81635347239046
100,8.862068965517242,0.060689655172413794,42,0,0.5378359096313913,0.8837211044389109,169.79363370049913
100,8.862068965517242,0.09448275862068964,42,0,0.8373127229488703,0.8837211044389109,109.06452383681699
100,8.862068965517242,0.11137931034482758,42,0,0.98705112960761,0.8837211044389109,92.51913167581378
100,8.862068965517242,0.12827586206896552,42,0,1.1367895362663496,0.8837211044389109,80.33247185830066
100,8.862068965517242,0.14517241379310344,42,0,1.2865279429250893,0.8837211044389109,70.9826117132728
100,8.862068965517242,0.16206896551724137,42,0,1.4362663495838288,0.8837211044389109,63.58229687508053
100,8.862068965517242,0.1789655172413793,42,0,1.5860047562425683,0.8837211044389109,57.57934399092072
100,8.862068965517242,0.19586206896551722,42,0,1.7357431629013078,0.8837211044389109,52.612111850858895
100,8.862068965517242,0.21275862068965518,42,0,1.8854815695600478,0.8837211044389109,48.433840407273664
100,8.862068965517242,0.24655172413793103,42,0,2.184958382877527,0.8837211044389109,41.79535598781518
100,8.862068965517242,0.2634482758620689,42,0,2.3346967895362662,0.8837211044389109,39.11476378440818
100,8.862068965517242,0.2296551724137931,42,0,2.0352199762187873,0.8837211044389109,44.870389686618395
100,8.862068965517242,0.2803448275862069,42,0,2.484435196195006,0.8837211044389109,36.75729339641802
100,8.862068965517242,0.29724137931034483,42,0,2.6341736028537457,0.8837211044389109,34.667841683628595
100,8.862068965517242,0.31413793103448273,42,0,2.783912009512485,0.8837211044389109,32.8031608466387
100,8.862068965517242,0.3310344827586207,42,0,2.9336504161712247,0.8837211044389109,31.12883284509151
100,8.862068965517242,0.36482758620689654,42,0,3.233127229488704,0.8837211044389109,28.245443791387384
100,8.862068965517242,0.3479310344827586,42,0,3.0833888228299644,0.8837211044389109,29.617125402663877
100,8.862068965517242,0.38172413793103444,42,0,3.3828656361474434,0.8837211044389109,26.995193795201313
100,8.862068965517242,0.3986206896551724,42,0,3.532604042806183,0.8837211044389109,25.850933850595027
100,8.862068965517242,0.43241379310344824,42,0,3.832080856123662,0.8837211044389109,23.830685431649005
100,8.862068965517242,0.41551724137931034,42,0,3.682342449464923,0.8837211044389109,24.799734050861286
100,8.862068965517242,0.4493103448275862,42,0,3.9818192627824023,0.8837211044389109,22.93451997796458
100,8.862068965517242,0.4662068965517241,42,0,4.131557669441142,0.8837211044389109,22.103313262786873
100,8.862068965517242,0.48310344827586205,42,0,4.281296076099881,0.8837211044389109,21.330249487000607
100,8.862068965517242,0.5,42,0,4.431034482758621,0.8837211044389109,20.60943415950886
100,9.517241379310345,0.01,42,0,0.09517241379310346,0.8917258101763176,1030.471707975443
100,9.517241379310345,0.09448275862068964,42,0,0.8992152199762187,0.8917258101763176,109.06452383681699
100,9.517241379310345,0.026896551724137928,42,0,0.2559809750297265,0.8917258101763176,383.1240965549725
100,9.517241379310345,0.07758620689655171,42,0,0.7384066587395957,0.8917258101763176,132.81635347239046
100,9.517241379310345,0.060689655172413794,42,0,0.5775980975029726,0.8917258101763176,169.79363370049913
100,9.517241379310345,0.04379310344827586,42,0,0.41678953626634957,0.8917258101763176,235.30456323848702
100,9.517241379310345,0.11137931034482758,42,0,1.060023781212842,0.8917258101763176,92.51913167581378
100,9.517241379310345,0.12827586206896552,42,0,1.220832342449465,0.8917258101763176,80.33247185830066
100,9.517241379310345,0.14517241379310344,42,0,1.381640903686088,0.8917258101763176,70.9826117132728
100,9.517241379310345,0.16206896551724137,42,0,1.542449464922711,0.8917258101763176,63.58229687508053
100,9.517241379310345,0.1789655172413793,42,0,1.703258026159334,0.8917258101763176,57.57934399092072
100,9.517241379310345,0.19586206896551722,42,0,1.864066587395957,0.8917258101763176,52.612111850858895
100,9.517241379310345,0.21275862068965518,42,0,2.0248751486325802,0.8917258101763176,48.433840407273664
100,9.517241379310345,0.24655172413793103,42,0,2.3464922711058263,0.8917258101763176,41.79535598781518
100,9.517241379310345,0.2296551724137931,42,0,2.1856837098692035,0.8917258101763176,44.870389686618395
100,9.517241379310345,0.2803448275862069,42,0,2.6681093935790723,0.8917258101763176,36.75729339641802
100,9.517241379310345,0.2634482758620689,42,0,2.507300832342449,0.8917258101763176,39.11476378440818
100,9.517241379310345,0.31413793103448273,42,0,2.9897265160523183,0.8917258101763176,32.8031608466387
100,9.517241379310345,0.3479310344827586,42,0,3.311343638525565,0.8917258101763176,29.617125402663877
100,9.517241379310345,0.3310344827586207,42,0,3.150535077288942,0.8917258101763176,31.12883284509151
100,9.517241379310345,0.38172413793103444,42,0,3.632960760998811,0.8917258101763176,26.995193795201313
100,9.517241379310345,0.36482758620689654,42,0,3.472152199762188,0.8917258101763176,28.245443791387384
100,9.517241379310345,0.3986206896551724,42,0,3.793769322235434,0.8917258101763176,25.850933850595027
100,9.517241379310345,0.29724137931034483,42,0,2.828917954815696,0.8917258101763176,34.667841683628595
100,9.517241379310345,0.41551724137931034,42,0,3.9545778834720573,0.8917258101763176,24.799734050861286
100,9.517241379310345,0.4493103448275862,42,0,4.276195005945303,0.8917258101763176,22.93451997796458
100,9.517241379310345,0.43241379310344824,42,0,4.11538644470868,0.8917258101763176,23.830685431649005
100,9.517241379310345,0.48310344827586205,42,0,4.597812128418549,0.8917258101763176,21.330249487000607
100,9.517241379310345,0.4662068965517241,42,0,4.437003567181926,0.8917258101763176,22.103313262786873
100,9.517241379310345,0.5,42,0,4.758620689655173,0.8917258101763176,20.60943415950886
100,10.172413793103448,0.026896551724137928,42,0,0.273602853745541,0.8986994013777272,383.1240965549725
100,10.172413793103448,0.04379310344827586,42,0,0.44548156956004753,0.8986994013777272,235.30456323848702
100,10.172413793103448,0.01,42,0,0.10172413793103449,0.8986994013777272,1030.471707975443
100,10.172413793103448,0.060689655172413794,42,0,0.6173602853745541,0.8986994013777272,169.79363370049913
100,10.172413793103448,0.07758620689655171,42,0,0.7892390011890605,0.8986994013777272,132.81635347239046
100,10.172413793103448,0.09448275862068964,42,0,0.9611177170035671,0.8986994013777272,109.06452383681699
100,10.172413793103448,0.11137931034482758,42,0,1.1329964328180737,0.8986994013777272,92.51913167581378
100,10.172413793103448,0.12827586206896552,42,0,1.3048751486325803,0.8986994013777272,80.33247185830066
100,10.172413793103448,0.14517241379310344,42,0,1.4767538644470868,0.8986994013777272,70.9826117132728
100,10.172413793103448,0.1789655172413793,42,0,1.8205112960760998,0.8986994013777272,57.57934399092072
100,10.172413793103448,0.16206896551724137,42,0,1.6486325802615933,0.8986994013777272,63.58229687508053
100,10.172413793103448,0.21275862068965518,42,0,2.164268727705113,0.8986994013777272,48.433840407273664
100,10.172413793103448,0.19586206896551722,42,0,1.9923900118906062,0.8986994013777272,52.612111850858895
100,10.172413793103448,0.2296551724137931,42,0,2.3361474435196197,0.8986994013777272,44.870389686618395
100,10.172413793103448,0.24655172413793103,42,0,2.508026159334126,0.8986994013777272,41.79535598781518
100,10.172413793103448,0.2634482758620689,42,0,2.6799048751486323,0.8986994013777272,39.11476378440818
100,10.172413793103448,0.2803448275862069,42,0,2.851783590963139,0.8986994013777272,36.75729339641802
100,10.172413793103448,0.29724137931034483,42,0,3.023662306777646,0.8986994013777272,34.667841683628595
100,10.172413793103448,0.3479310344827586,42,0,3.5392984542211647,0.8986994013777272,29.617125402663877
100,10.172413793103448,0.3310344827586207,42,0,3.367419738406659,0.8986994013777272,31.12883284509151
100,10.172413793103448,0.31413793103448273,42,0,3.195541022592152,0.8986994013777272,32.8031608466387
100,10.172413793103448,0.36482758620689654,42,0,3.711177170035672,0.8986994013777272,28.245443791387384
100,10.172413793103448,0.38172413793103444,42,0,3.883055885850178,0.8986994013777272,26.995193795201313
100,10.172413793103448,0.3986206896551724,42,0,4.054934601664685,0.8986994013777272,25.850933850595027
100,10.172413793103448,0.43241379310344824,42,0,4.398692033293698,0.8986994013777272,23.830685431649005
100,10.172413793103448,0.41551724137931034,42,0,4.226813317479191,0.8986994013777272,24.799734050861286
100,10.172413793103448,0.4493103448275862,42,0,4.570570749108205,0.8986994013777272,22.93451997796458
100,10.172413793103448,0.4662068965517241,42,0,4.742449464922711,0.8986994013777272,22.103313262786873
100,10.172413793103448,0.48310344827586205,42,0,4.9143281807372174,0.8986994013777272,21.330249487000607
100,10.172413793103448,0.5,42,0,5.086206896551724,0.8986994013777272,20.60943415950886
100,10.827586206896552,0.01,42,0,0.10827586206896551,0.9048290548683744,1030.471707975443
100,10.827586206896552,0.026896551724137928,42,0,0.2912247324613555,0.9048290548683744,383.1240965549725
100,10.827586206896552,0.04379310344827586,42,0,0.47417360285374555,0.9048290548683744,235.30456323848702
100,10.827586206896552,0.060689655172413794,42,0,0.6571224732461356,0.9048290548683744,169.79363370049913
100,10.827586206896552,0.07758620689655171,42,0,0.8400713436385254,0.9048290548683744,132.81635347239046
100,10.827586206896552,0.09448275862068964,42,0,1.0230202140309155,0.9048290548683744,109.06452383681699
100,10.827586206896552,0.11137931034482758,42,0,1.2059690844233055,0.9048290548683744,92.51913167581378
100,10.827586206896552,0.14517241379310344,42,0,1.5718668252080856,0.9048290548683744,70.9826117132728
100,10.827586206896552,0.12827586206896552,42,0,1.3889179548156956,0.9048290548683744,80.33247185830066
100,10.827586206896552,0.16206896551724137,42,0,1.7548156956004755,0.9048290548683744,63.58229687508053
100,10.827586206896552,0.1789655172413793,42,0,1.9377645659928655,0.9048290548683744,57.57934399092072
100,10.827586206896552,0.21275862068965518,42,0,2.3036623067776456,0.9048290548683744,48.433840407273664
100,10.827586206896552,0.19586206896551722,42,0,2.1207134363852553,0.9048290548683744,52.612111850858895
100,10.827586206896552,0.2634482758620689,42,0,2.852508917954815,0.9048290548683744,39.11476378440818
100,10.827586206896552,0.2803448275862069,42,0,3.0354577883472054,0.9048290548683744,36.75729339641802
100,10.827586206896552,0.24655172413793103,42,0,2.6695600475624257,0.9048290548683744,41.79535598781518
100,10.827586206896552,0.2296551724137931,42,0,2.4866111771700354,0.9048290548683744,44.870389686618395
100,10.827586206896552,0.29724137931034483,42,0,3.2184066587395956,0.9048290548683744,34.667841683628595
100,10.827586206896552,0.31413793103448273,42,0,3.4013555291319855,0.9048290548683744,32.8031608466387
100,10.827586206896552,0.3310344827586207,42,0,3.5843043995243757,0.9048290548683744,31.12883284509151
100,10.827586206896552,0.3479310344827586,42,0,3.767253269916765,0.9048290548683744,29.617125402663877
100,10.827586206896552,0.38172413793103444,42,0,4.133151010701545,0.9048290548683744,26.995193795201313
100,10.827586206896552,0.36482758620689654,42,0,3.9502021403091554,0.9048290548683744,28.245443791387384
100,10.827586206896552,0.3986206896551724,42,0,4.316099881093935,0.9048290548683744,25.850933850595027
100,10.827586206896552,0.41551724137931034,42,0,4.499048751486326,0.9048290548683744,24.799734050861286
100,10.827586206896552,0.43241379310344824,42,0,4.681997621878716,0.9048290548683744,23.830685431649005
100,10.827586206896552,0.4493103448275862,42,0,4.864946492271105,0.9048290548683744,22.93451997796458
100,10.827586206896552,0.4662068965517241,42,0,5.047895362663495,0.9048290548683744,22.103313262786873
100,10.827586206896552,0.48310344827586205,42,0,5.230844233055886,0.9048290548683744,21.330249487000607
100,11.482758620689655,0.01,42,0,0.11482758620689655,0.9102592284420256,1030.471707975443
100,10.827586206896552,0.5,42,0,5.413793103448276,0.9048290548683744,20.60943415950886
100,11.482758620689655,0.04379310344827586,42,0,0.5028656361474435,0.9102592284420256,235.30456323848702
100,11.482758620689655,0.026896551724137928,42,0,0.30884661117717,0.9102592284420256,383.1240965549725
100,11.482758620689655,0.060689655172413794,42,0,0.696884661117717,0.9102592284420256,169.79363370049913
100,11.482758620689655,0.07758620689655171,42,0,0.8909036860879903,0.9102592284420256,132.81635347239046
100,11.482758620689655,0.09448275862068964,42,0,1.0849227110582638,0.9102592284420256,109.06452383681699
100,11.482758620689655,0.12827586206896552,42,0,1.472960760998811,0.9102592284420256,80.33247185830066
100,11.482758620689655,0.11137931034482758,42,0,1.2789417360285373,0.9102592284420256,92.51913167581378
100,11.482758620689655,0.14517241379310344,42,0,1.6669797859690842,0.9102592284420256,70.9826117132728
100,11.482758620689655,0.19586206896551722,42,0,2.2490368608799045,0.9102592284420256,52.612111850858895
100,11.482758620689655,0.1789655172413793,42,0,2.055017835909631,0.9102592284420256,57.57934399092072
100,11.482758620689655,0.21275862068965518,42,0,2.4430558858501783,0.9102592284420256,48.433840407273664
100,11.482758620689655,0.16206896551724137,42,0,1.8609988109393578,0.9102592284420256,63.58229687508053
100,11.482758620689655,0.2296551724137931,42,0,2.6370749108204516,0.9102592284420256,44.870389686618395
100,11.482758620689655,0.2634482758620689,42,0,3.0251129607609983,0.9102592284420256,39.11476378440818
100,11.482758620689655,0.24655172413793103,42,0,2.831093935790725,0.9102592284420256,41.79535598781518
100,11.482758620689655,0.2803448275862069,42,0,3.219131985731272,0.9102592284420256,36.75729339641802
100,11.482758620689655,0.29724137931034483,42,0,3.413151010701546,0.9102592284420256,34.667841683628595
100,11.482758620689655,0.31413793103448273,42,0,3.607170035671819,0.9102592284420256,32.8031608466387
100,11.482758620689655,0.3310344827586207,42,0,3.8011890606420926,0.9102592284420256,31.12883284509151
100,11.482758620689655,0.3479310344827586,42,0,3.9952080856123655,0.9102592284420256,29.617125402663877
100,11.482758620689655,0.36482758620689654,42,0,4.18922711058264,0.9102592284420256,28.245443791387384
100,11.482758620689655,0.38172413793103444,42,0,4.383246135552913,0.9102592284420256,26.995193795201313
100,11.482758620689655,0.3986206896551724,42,0,4.577265160523186,0.9102592284420256,25.850933850595027
100,11.482758620689655,0.41551724137931034,42,0,4.77128418549346,0.9102592284420256,24.799734050861286
100,11.482758620689655,0.4493103448275862,42,0,5.159322235434007,0.9102592284420256,22.93451997796458
100,11.482758620689655,0.43241379310344824,42,0,4.965303210463733,0.9102592284420256,23.830685431649005
100,11.482758620689655,0.4662068965517241,42,0,5.35334126040428,0.9102592284420256,22.103313262786873
100,11.482758620689655,0.48310344827586205,42,0,5.547360285374554,0.9102592284420256,21.330249487000607
100,11.482758620689655,0.5,42,0,5.741379310344827,0.9102592284420256,20.60943415950886
100,12.137931034482758,0.01,42,0,0.12137931034482759,0.9151031901440898,1030.471707975443
100,12.137931034482758,0.026896551724137928,42,0,0.3264684898929845,0.9151031901440898,383.1240965549725
100,12.137931034482758,0.04379310344827586,42,0,0.5315576694411415,0.9151031901440898,235.30456323848702
100,12.137931034482758,0.07758620689655171,42,0,0.9417360285374552,0.9151031901440898,132.81635347239046
100,12.137931034482758,0.060689655172413794,42,0,0.7366468489892984,0.9151031901440898,169.79363370049913
100,12.137931034482758,0.09448275862068964,42,0,1.146825208085612,0.9151031901440898,109.06452383681699
100,12.137931034482758,0.11137931034482758,42,0,1.3519143876337691,0.9151031901440898,92.51913167581378
100,12.137931034482758,0.12827586206896552,42,0,1.5570035671819262,0.9151031901440898,80.33247185830066
100,12.137931034482758,0.14517241379310344,42,0,1.762092746730083,0.9151031901440898,70.9826117132728
100,12.137931034482758,0.1789655172413793,42,0,2.172271105826397,0.9151031901440898,57.57934399092072
100,12.137931034482758,0.16206896551724137,42,0,1.96718192627824,0.9151031901440898,63.58229687508053
100,12.137931034482758,0.2296551724137931,42,0,2.787538644470868,0.9151031901440898,44.870389686618395
100,12.137931034482758,0.19586206896551722,42,0,2.3773602853745537,0.9151031901440898,52.612111850858895
100,12.137931034482758,0.21275862068965518,42,0,2.582449464922711,0.9151031901440898,48.433840407273664
100,12.137931034482758,0.24655172413793103,42,0,2.9926278240190247,0.9151031901440898,41.79535598781518
100,12.137931034482758,0.2634482758620689,42,0,3.197717003567181,0.9151031901440898,39.11476378440818
100,12.137931034482758,0.2803448275862069,42,0,3.4028061831153384,0.9151031901440898,36.75729339641802
100,12.137931034482758,0.29724137931034483,42,0,3.6078953626634958,0.9151031901440898,34.667841683628595
100,12.137931034482758,0.31413793103448273,42,0,3.812984542211652,0.9151031901440898,32.8031608466387
100,12.137931034482758,0.3310344827586207,42,0,4.0180737217598095,0.9151031901440898,31.12883284509151
100,12.137931034482758,0.3479310344827586,42,0,4.223162901307966,0.9151031901440898,29.617125402663877
100,12.137931034482758,0.38172413793103444,42,0,4.63334126040428,0.9151031901440898,26.995193795201313
100,12.137931034482758,0.36482758620689654,42,0,4.428252080856123,0.9151031901440898,28.245443791387384
100,12.137931034482758,0.3986206896551724,42,0,4.838430439952437,0.9151031901440898,25.850933850595027
100,12.137931034482758,0.41551724137931034,42,0,5.043519619500595,0.9151031901440898,24.799734050861286
100,12.137931034482758,0.43241379310344824,42,0,5.248608799048751,0.9151031901440898,23.830685431649005
100,12.137931034482758,0.4662068965517241,42,0,5.658787158145064,0.9151031901440898,22.103313262786873
100,12.137931034482758,0.4493103448275862,42,0,5.453697978596908,0.9151031901440898,22.93451997796458
100,12.137931034482758,0.48310344827586205,42,0,5.863876337693222,0.9151031901440898,21.330249487000607
100,12.793103448275861,0.01,42,0,0.1279310344827586,0.9194510048642399,1030.471707975443
100,12.793103448275861,0.060689655172413794,42,0,0.7764090368608798,0.9194510048642399,169.79363370049913
100,12.137931034482758,0.5,42,0,6.068965517241379,0.9151031901440898,20.60943415950886
100,12.793103448275861,0.026896551724137928,42,0,0.344090368608799,0.9194510048642399,383.1240965549725
100,12.793103448275861,0.04379310344827586,42,0,0.5602497027348394,0.9194510048642399,235.30456323848702
100,12.793103448275861,0.07758620689655171,42,0,0.9925683709869201,0.9194510048642399,132.81635347239046
100,12.793103448275861,0.11137931034482758,42,0,1.424887039239001,0.9194510048642399,92.51913167581378
100,12.793103448275861,0.12827586206896552,42,0,1.6410463733650416,0.9194510048642399,80.33247185830066
100,12.793103448275861,0.09448275862068964,42,0,1.2087277051129606,0.9194510048642399,109.06452383681699
100,12.793103448275861,0.14517241379310344,42,0,1.857205707491082,0.9194510048642399,70.9826117132728
100,12.793103448275861,0.1789655172413793,42,0,2.2895243757431625,0.9194510048642399,57.57934399092072
100,12.793103448275861,0.16206896551724137,42,0,2.073365041617122,0.9194510048642399,63.58229687508053
100,12.793103448275861,0.19586206896551722,42,0,2.505683709869203,0.9194510048642399,52.612111850858895
100,12.793103448275861,0.21275862068965518,42,0,2.7218430439952437,0.9194510048642399,48.433840407273664
100,12.793103448275861,0.2296551724137931,42,0,2.938002378121284,0.9194510048642399,44.870389686618395
100,12.793103448275861,0.24655172413793103,42,0,3.1541617122473244,0.9194510048642399,41.79535598781518
100,12.793103448275861,0.2634482758620689,42,0,3.3703210463733644,0.9194510048642399,39.11476378440818
100,12.793103448275861,0.2803448275862069,42,0,3.586480380499405,0.9194510048642399,36.75729339641802
100,12.793103448275861,0.31413793103448273,42,0,4.018799048751486,0.9194510048642399,32.8031608466387
100,12.793103448275861,0.29724137931034483,42,0,3.8026397146254456,0.9194510048642399,34.667841683628595
100,12.793103448275861,0.38172413793103444,42,0,4.8834363852556475,0.9194510048642399,26.995193795201313
100,12.793103448275861,0.36482758620689654,42,0,4.667277051129607,0.9194510048642399,28.245443791387384
100,12.793103448275861,0.3310344827586207,42,0,4.234958382877527,0.9194510048642399,31.12883284509151
100,12.793103448275861,0.3479310344827586,42,0,4.451117717003567,0.9194510048642399,29.617125402663877
100,12.793103448275861,0.3986206896551724,42,0,5.099595719381687,0.9194510048642399,25.850933850595027
100,12.793103448275861,0.41551724137931034,42,0,5.315755053507728,0.9194510048642399,24.799734050861286
100,12.793103448275861,0.43241379310344824,42,0,5.531914387633768,0.9194510048642399,23.830685431649005
100,12.793103448275861,0.4493103448275862,42,0,5.748073721759809,0.9194510048642399,22.93451997796458
100,12.793103448275861,0.4662068965517241,42,0,5.964233055885849,0.9194510048642399,22.103313262786873
100,13.448275862068964,0.01,42,0,0.13448275862068965,0.9233751863867481,1030.471707975443
100,13.448275862068964,0.026896551724137928,42,0,0.3617122473246135,0.9233751863867481,383.1240965549725
100,12.793103448275861,0.5,42,0,6.396551724137931,0.9194510048642399,20.60943415950886
100,12.793103448275861,0.48310344827586205,42,0,6.18039239001189,0.9194510048642399,21.330249487000607
100,13.448275862068964,0.04379310344827586,42,0,0.5889417360285374,0.9233751863867481,235.30456323848702
100,13.448275862068964,0.060689655172413794,42,0,0.8161712247324613,0.9233751863867481,169.79363370049913
100,13.448275862068964,0.07758620689655171,42,0,1.043400713436385,0.9233751863867481,132.81635347239046
100,13.448275862068964,0.11137931034482758,42,0,1.4978596908442328,0.9233751863867481,92.51913167581378
100,13.448275862068964,0.09448275862068964,42,0,1.2706302021403089,0.9233751863867481,109.06452383681699
100,13.448275862068964,0.12827586206896552,42,0,1.7250891795481569,0.9233751863867481,80.33247185830066
100,13.448275862068964,0.1789655172413793,42,0,2.406777645659928,0.9233751863867481,57.57934399092072
100,13.448275862068964,0.16206896551724137,42,0,2.1795481569560042,0.9233751863867481,63.58229687508053
100,13.448275862068964,0.19586206896551722,42,0,2.634007134363852,0.9233751863867481,52.612111850858895
100,13.448275862068964,0.14517241379310344,42,0,1.9523186682520806,0.9233751863867481,70.9826117132728
100,13.448275862068964,0.21275862068965518,42,0,2.8612366230677764,0.9233751863867481,48.433840407273664
100,13.448275862068964,0.24655172413793103,42,0,3.3156956004756237,0.9233751863867481,41.79535598781518
100,13.448275862068964,0.2296551724137931,42,0,3.0884661117717003,0.9233751863867481,44.870389686618395
100,13.448275862068964,0.2803448275862069,42,0,3.7701545778834715,0.9233751863867481,36.75729339641802
100,13.448275862068964,0.2634482758620689,42,0,3.542925089179547,0.9233751863867481,39.11476378440818
100,13.448275862068964,0.29724137931034483,42,0,3.997384066587396,0.9233751863867481,34.667841683628595
100,13.448275862068964,0.31413793103448273,42,0,4.224613555291319,0.9233751863867481,32.8031608466387
100,13.448275862068964,0.3479310344827586,42,0,4.679072532699167,0.9233751863867481,29.617125402663877
100,13.448275862068964,0.36482758620689654,42,0,4.906302021403091,0.9233751863867481,28.245443791387384
100,13.448275862068964,0.3310344827586207,42,0,4.451843043995243,0.9233751863867481,31.12883284509151
100,13.448275862068964,0.38172413793103444,42,0,5.133531510107014,0.9233751863867481,26.995193795201313
100,13.448275862068964,0.41551724137931034,42,0,5.587990487514863,0.9233751863867481,24.799734050861286
100,13.448275862068964,0.3986206896551724,42,0,5.360760998810939,0.9233751863867481,25.850933850595027
100,13.448275862068964,0.43241379310344824,42,0,5.815219976218787,0.9233751863867481,23.830685431649005
100,13.448275862068964,0.4493103448275862,42,0,6.0424494649227105,0.9233751863867481,22.93451997796458
100,13.448275862068964,0.48310344827586205,42,0,6.496908442330558,0.9233751863867481,21.330249487000607
100,13.448275862068964,0.4662068965517241,42,0,6.2696789536266335,0.9233751863867481,22.103313262786873
100,14.103448275862068,0.01,42,0,0.14103448275862068,0.9269347740528208,1030.471707975443
100,13.448275862068964,0.5,42,0,6.724137931034482,0.9233751863867481,20.60943415950886
100,14.103448275862068,0.026896551724137928,42,0,0.379334126040428,0.9269347740528208,383.1240965549725
100,14.103448275862068,0.04379310344827586,42,0,0.6176337693222353,0.9269347740528208,235.30456323848702
100,14.103448275862068,0.060689655172413794,42,0,0.8559334126040428,0.9269347740528208,169.79363370049913
100,14.103448275862068,0.09448275862068964,42,0,1.3325326991676572,0.9269347740528208,109.06452383681699
100,14.103448275862068,0.11137931034482758,42,0,1.5708323424494646,0.9269347740528208,92.51913167581378
100,14.103448275862068,0.12827586206896552,42,0,1.8091319857312722,0.9269347740528208,80.33247185830066
100,14.103448275862068,0.07758620689655171,42,0,1.09423305588585,0.9269347740528208,132.81635347239046
100,14.103448275862068,0.14517241379310344,42,0,2.0474316290130794,0.9269347740528208,70.9826117132728
100,14.103448275862068,0.1789655172413793,42,0,2.524030915576694,0.9269347740528208,57.57934399092072
100,14.103448275862068,0.16206896551724137,42,0,2.285731272294887,0.9269347740528208,63.58229687508053
100,14.103448275862068,0.19586206896551722,42,0,2.762330558858501,0.9269347740528208,52.612111850858895
100,14.103448275862068,0.21275862068965518,42,0,3.000630202140309,0.9269347740528208,48.433840407273664
100,14.103448275862068,0.24655172413793103,42,0,3.4772294887039235,0.9269347740528208,41.79535598781518
100,14.103448275862068,0.2634482758620689,42,0,3.7155291319857304,0.9269347740528208,39.11476378440818
100,14.103448275862068,0.2296551724137931,42,0,3.238929845422116,0.9269347740528208,44.870389686618395
100,14.103448275862068,0.2803448275862069,42,0,3.953828775267538,0.9269347740528208,36.75729339641802
100,14.103448275862068,0.29724137931034483,42,0,4.192128418549346,0.9269347740528208,34.667841683628595
100,14.103448275862068,0.31413793103448273,42,0,4.430428061831153,0.9269347740528208,32.8031608466387
100,14.103448275862068,0.3310344827586207,42,0,4.6687277051129605,0.9269347740528208,31.12883284509151
100,14.103448275862068,0.36482758620689654,42,0,5.1453269916765745,0.9269347740528208,28.245443791387384
100,14.103448275862068,0.3479310344827586,42,0,4.9070273483947675,0.9269347740528208,29.617125402663877
100,14.103448275862068,0.38172413793103444,42,0,5.3836266349583815,0.9269347740528208,26.995193795201313
100,14.103448275862068,0.3986206896551724,42,0,5.621926278240189,0.9269347740528208,25.850933850595027
100,14.103448275862068,0.43241379310344824,42,0,6.098525564803804,0.9269347740528208,23.830685431649005
100,14.103448275862068,0.4662068965517241,42,0,6.575124851367418,0.9269347740528208,22.103313262786873
100,14.103448275862068,0.4493103448275862,42,0,6.336825208085612,0.9269347740528208,22.93451997796458
100,14.103448275862068,0.48310344827586205,42,0,6.813424494649226,0.9269347740528208,21.330249487000607
100,14.103448275862068,0.41551724137931034,42,0,5.860225921521997,0.9269347740528208,24.799734050861286
100,14.103448275862068,0.5,42,0,7.051724137931034,0.9269347740528208,20.60943415950886
100,14.758620689655173,0.01,42,0,0.14758620689655172,0.9301783235830392,1030.471707975443
100,14.758620689655173,0.060689655172413794,42,0,0.8956956004756242,0.9301783235830392,169.79363370049913
100,14.758620689655173,0.026896551724137928,42,0,0.39695600475624254,0.9301783235830392,383.1240965549725
100,14.758620689655173,0.04379310344827586,42,0,0.6463258026159334,0.9301783235830392,235.30456323848702
100,14.758620689655173,0.07758620689655171,42,0,1.145065398335315,0.9301783235830392,132.81635347239046
100,14.758620689655173,0.09448275862068964,42,0,1.3944351961950057,0.9301783235830392,109.06452383681699
100,14.758620689655173,0.12827586206896552,42,0,1.8931747919143878,0.9301783235830392,80.33247185830066
100,14.758620689655173,0.14517241379310344,42,0,2.1425445897740785,0.9301783235830392,70.9826117132728
100,14.758620689655173,0.11137931034482758,42,0,1.6438049940546966,0.9301783235830392,92.51913167581378
100,14.758620689655173,0.16206896551724137,42,0,2.3919143876337694,0.9301783235830392,63.58229687508053
100,14.758620689655173,0.1789655172413793,42,0,2.64128418549346,0.9301783235830392,57.57934399092072
100,14.758620689655173,0.21275862068965518,42,0,3.1400237812128418,0.9301783235830392,48.433840407273664
100,14.758620689655173,0.19586206896551722,42,0,2.890653983353151,0.9301783235830392,52.612111850858895
100,14.758620689655173,0.2296551724137931,42,0,3.3893935790725327,0.9301783235830392,44.870389686618395
100,14.758620689655173,0.24655172413793103,42,0,3.6387633769322236,0.9301783235830392,41.79535598781518
100,14.758620689655173,0.29724137931034483,42,0,4.386872770511296,0.9301783235830392,34.667841683628595
100,14.758620689655173,0.2634482758620689,42,0,3.8881331747919137,0.9301783235830392,39.11476378440818
100,14.758620689655173,0.2803448275862069,42,0,4.137502972651605,0.9301783235830392,36.75729339641802
100,14.758620689655173,0.31413793103448273,42,0,4.636242568370987,0.9301783235830392,32.8031608466387
100,14.758620689655173,0.3310344827586207,42,0,4.885612366230678,0.9301783235830392,31.12883284509151
100,14.758620689655173,0.3479310344827586,42,0,5.134982164090368,0.9301783235830392,29.617125402663877
100,14.758620689655173,0.36482758620689654,42,0,5.38435196195006,0.9301783235830392,28.245443791387384
100,14.758620689655173,0.38172413793103444,42,0,5.63372175980975,0.9301783235830392,26.995193795201313
100,14.758620689655173,0.3986206896551724,42,0,5.883091557669441,0.9301783235830392,25.850933850595027
100,14.758620689655173,0.41551724137931034,42,0,6.132461355529132,0.9301783235830392,24.799734050861286
100,14.758620689655173,0.43241379310344824,42,0,6.381831153388823,0.9301783235830392,23.830685431649005
100,14.758620689655173,0.4493103448275862,42,0,6.6312009512485135,0.9301783235830392,22.93451997796458
100,14.758620689655173,0.4662068965517241,42,0,6.8805707491082035,0.9301783235830392,22.103313262786873
100,14.758620689655173,0.48310344827586205,42,0,7.129940546967895,0.9301783235830392,21.330249487000607
100,14.758620689655173,0.5,42,0,7.379310344827586,0.9301783235830392,20.60943415950886
100,15.413793103448276,0.01,42,0,0.15413793103448276,0.9331461351397634,1030.471707975443
100,15.413793103448276,0.026896551724137928,42,0,0.41457788347205704,0.9331461351397634,383.1240965549725
100,15.413793103448276,0.04379310344827586,42,0,0.6750178359096314,0.9331461351397634,235.30456323848702
100,15.413793103448276,0.060689655172413794,42,0,0.9354577883472057,0.9331461351397634,169.79363370049913
100,15.413793103448276,0.07758620689655171,42,0,1.19589774078478,0.9331461351397634,132.81635347239046
100,15.413793103448276,0.09448275862068964,42,0,1.4563376932223542,0.9331461351397634,109.06452383681699
100,15.413793103448276,0.11137931034482758,42,0,1.7167776456599286,0.9331461351397634,92.51913167581378
100,15.413793103448276,0.12827586206896552,42,0,1.977217598097503,0.9331461351397634,80.33247185830066
100,15.413793103448276,0.1789655172413793,42,0,2.7585374554102255,0.9331461351397634,57.57934399092072
100,15.413793103448276,0.14517241379310344,42,0,2.237657550535077,0.9331461351397634,70.9826117132728
100,15.413793103448276,0.19586206896551722,42,0,3.0189774078478,0.9331461351397634,52.612111850858895
100,15.413793103448276,0.21275862068965518,42,0,3.2794173602853744,0.9331461351397634,48.433840407273664
100,15.413793103448276,0.2296551724137931,42,0,3.539857312722949,0.9331461351397634,44.870389686618395
100,15.413793103448276,0.24655172413793103,42,0,3.800297265160523,0.9331461351397634,41.79535598781518
100,15.413793103448276,0.2634482758620689,42,0,4.0607372175980965,0.9331461351397634,39.11476378440818
100,15.413793103448276,0.16206896551724137,42,0,2.4980975029726515,0.9331461351397634,63.58229687508053
100,15.413793103448276,0.2803448275862069,42,0,4.321177170035671,0.9331461351397634,36.75729339641802
100,15.413793103448276,0.29724137931034483,42,0,4.581617122473246,0.9331461351397634,34.667841683628595
100,15.413793103448276,0.31413793103448273,42,0,4.84205707491082,0.9331461351397634,32.8031608466387
100,15.413793103448276,0.3310344827586207,42,0,5.102497027348394,0.9331461351397634,31.12883284509151
100,15.413793103448276,0.36482758620689654,42,0,5.623376932223543,0.9331461351397634,28.245443791387384
100,15.413793103448276,0.3479310344827586,42,0,5.362936979785968,0.9331461351397634,29.617125402663877
100,15.413793103448276,0.3986206896551724,42,0,6.144256837098691,0.9331461351397634,25.850933850595027
100,15.413793103448276,0.38172413793103444,42,0,5.883816884661117,0.9331461351397634,26.995193795201313
100,15.413793103448276,0.41551724137931034,42,0,6.404696789536266,0.9331461351397634,24.799734050861286
100,15.413793103448276,0.43241379310344824,42,0,6.66513674197384,0.9331461351397634,23.830685431649005
100,15.413793103448276,0.4662068965517241,42,0,7.186016646848989,0.9331461351397634,22.103313262786873
100,15.413793103448276,0.4493103448275862,42,0,6.925576694411415,0.9331461351397634,22.93451997796458
100,15.413793103448276,0.48310344827586205,42,0,7.446456599286563,0.9331461351397634,21.330249487000607
100,16.06896551724138,0.01,42,0,0.16068965517241382,0.9358719363270944,1030.471707975443
100,16.06896551724138,0.026896551724137928,42,0,0.4321997621878716,0.9358719363270944,383.1240965549725
100,16.06896551724138,0.060689655172413794,42,0,0.9752199762187873,0.9358719363270944,169.79363370049913
100,15.413793103448276,0.5,42,0,7.706896551724138,0.9331461351397634,20.60943415950886
100,16.06896551724138,0.04379310344827586,42,0,0.7037098692033295,0.9358719363270944,235.30456323848702
100,16.06896551724138,0.07758620689655171,42,0,1.246730083234245,0.9358719363270944,132.81635347239046
100,16.06896551724138,0.09448275862068964,42,0,1.5182401902497027,0.9358719363270944,109.06452383681699
100,16.06896551724138,0.11137931034482758,42,0,1.7897502972651607,0.9358719363270944,92.51913167581378
100,16.06896551724138,0.12827586206896552,42,0,2.0612604042806186,0.9358719363270944,80.33247185830066
100,16.06896551724138,0.1789655172413793,42,0,2.8757907253269916,0.9358719363270944,57.57934399092072
100,16.06896551724138,0.14517241379310344,42,0,2.332770511296076,0.9358719363270944,70.9826117132728
100,16.06896551724138,0.19586206896551722,42,0,3.1473008323424496,0.9358719363270944,52.612111850858895
100,16.06896551724138,0.16206896551724137,42,0,2.604280618311534,0.9358719363270944,63.58229687508053
100,16.06896551724138,0.21275862068965518,42,0,3.4188109393579076,0.9358719363270944,48.433840407273664
100,16.06896551724138,0.24655172413793103,42,0,3.961831153388823,0.9358719363270944,41.79535598781518
100,16.06896551724138,0.2296551724137931,42,0,3.6903210463733656,0.9358719363270944,44.870389686618395
100,16.06896551724138,0.2634482758620689,42,0,4.233341260404281,0.9358719363270944,39.11476378440818
100,16.06896551724138,0.2803448275862069,42,0,4.504851367419739,0.9358719363270944,36.75729339641802
100,16.06896551724138,0.29724137931034483,42,0,4.7763614744351965,0.9358719363270944,34.667841683628595
100,16.06896551724138,0.31413793103448273,42,0,5.047871581450654,0.9358719363270944,32.8031608466387
100,16.06896551724138,0.3310344827586207,42,0,5.3193816884661125,0.9358719363270944,31.12883284509151
100,16.06896551724138,0.3479310344827586,42,0,5.59089179548157,0.9358719363270944,29.617125402663877
100,16.06896551724138,0.36482758620689654,42,0,5.8624019024970275,0.9358719363270944,28.245443791387384
100,16.06896551724138,0.3986206896551724,42,0,6.4054221165279435,0.9358719363270944,25.850933850595027
100,16.06896551724138,0.38172413793103444,42,0,6.133912009512485,0.9358719363270944,26.995193795201313
100,16.06896551724138,0.41551724137931034,42,0,6.676932223543401,0.9358719363270944,24.799734050861286
100,16.06896551724138,0.43241379310344824,42,0,6.9484423305588585,0.9358719363270944,23.830685431649005
100,16.06896551724138,0.4493103448275862,42,0,7.2199524375743165,0.9358719363270944,22.93451997796458
100,16.06896551724138,0.5,42,0,8.03448275862069,0.9358719363270944,20.60943415950886
100,16.724137931034484,0.01,42,0,0.16724137931034486,0.938384169599116,1030.471707975443
100,16.06896551724138,0.48310344827586205,42,0,7.762972651605232,0.9358719363270944,21.330249487000607
100,16.06896551724138,0.4662068965517241,42,0,7.4914625445897745,0.9358719363270944,22.103313262786873
100,16.724137931034484,0.04379310344827586,42,0,0.7324019024970274,0.938384169599116,235.30456323848702
100,16.724137931034484,0.060689655172413794,42,0,1.0149821640903687,0.938384169599116,169.79363370049913
100,16.724137931034484,0.07758620689655171,42,0,1.2975624256837097,0.938384169599116,132.81635347239046
100,16.724137931034484,0.09448275862068964,42,0,1.580142687277051,0.938384169599116,109.06452383681699
100,16.724137931034484,0.11137931034482758,42,0,1.8627229488703925,0.938384169599116,92.51913167581378
100,16.724137931034484,0.12827586206896552,42,0,2.1453032104637337,0.938384169599116,80.33247185830066
100,16.724137931034484,0.16206896551724137,42,0,2.7104637336504163,0.938384169599116,63.58229687508053
100,16.724137931034484,0.14517241379310344,42,0,2.427883472057075,0.938384169599116,70.9826117132728
100,16.724137931034484,0.026896551724137928,42,0,0.4498216409036861,0.938384169599116,383.1240965549725
100,16.724137931034484,0.1789655172413793,42,0,2.9930439952437573,0.938384169599116,57.57934399092072
100,16.724137931034484,0.19586206896551722,42,0,3.275624256837099,0.938384169599116,52.612111850858895
100,16.724137931034484,0.2296551724137931,42,0,3.8407847800237813,0.938384169599116,44.870389686618395
100,16.724137931034484,0.21275862068965518,42,0,3.5582045184304403,0.938384169599116,48.433840407273664
100,16.724137931034484,0.24655172413793103,42,0,4.123365041617123,0.938384169599116,41.79535598781518
100,16.724137931034484,0.2803448275862069,42,0,4.688525564803805,0.938384169599116,36.75729339641802
100,16.724137931034484,0.29724137931034483,42,0,4.971105826397147,0.938384169599116,34.667841683628595
100,16.724137931034484,0.2634482758620689,42,0,4.405945303210463,0.938384169599116,39.11476378440818
100,16.724137931034484,0.3310344827586207,42,0,5.536266349583829,0.938384169599116,31.12883284509151
100,16.724137931034484,0.31413793103448273,42,0,5.253686087990488,0.938384169599116,32.8031608466387
100,16.724137931034484,0.3479310344827586,42,0,5.81884661117717,0.938384169599116,29.617125402663877
100,16.724137931034484,0.36482758620689654,42,0,6.101426872770512,0.938384169599116,28.245443791387384
100,16.724137931034484,0.3986206896551724,42,0,6.666587395957194,0.938384169599116,25.850933850595027
100,16.724137931034484,0.43241379310344824,42,0,7.231747919143876,0.938384169599116,23.830685431649005
100,16.724137931034484,0.38172413793103444,42,0,6.384007134363852,0.938384169599116,26.995193795201313
100,16.724137931034484,0.41551724137931034,42,0,6.949167657550536,0.938384169599116,24.799734050861286
100,16.724137931034484,0.4662068965517241,42,0,7.796908442330559,0.938384169599116,22.103313262786873
100,16.724137931034484,0.48310344827586205,42,0,8.0794887039239,0.938384169599116,21.330249487000607
100,16.724137931034484,0.5,42,0,8.362068965517242,0.938384169599116,20.60943415950886
100,16.724137931034484,0.4493103448275862,42,0,7.514328180737218,0.938384169599116,22.93451997796458
100,17.379310344827587,0.01,42,0,0.17379310344827587,0.9407069884686696,1030.471707975443
100,17.379310344827587,0.026896551724137928,42,0,0.4674435196195006,0.9407069884686696,383.1240965549725
100,17.379310344827587,0.04379310344827586,42,0,0.7610939357907254,0.9407069884686696,235.30456323848702
100,17.379310344827587,0.07758620689655171,42,0,1.3483947681331747,0.9407069884686696,132.81635347239046
100,17.379310344827587,0.060689655172413794,42,0,1.0547443519619502,0.9407069884686696,169.79363370049913
100,17.379310344827587,0.09448275862068964,42,0,1.6420451843043993,0.9407069884686696,109.06452383681699
100,17.379310344827587,0.11137931034482758,42,0,1.9356956004756243,0.9407069884686696,92.51913167581378
100,17.379310344827587,0.12827586206896552,42,0,2.2293460166468493,0.9407069884686696,80.33247185830066
100,17.379310344827587,0.14517241379310344,42,0,2.522996432818074,0.9407069884686696,70.9826117132728
100,17.379310344827587,0.19586206896551722,42,0,3.403947681331748,0.9407069884686696,52.612111850858895
100,17.379310344827587,0.1789655172413793,42,0,3.110297265160523,0.9407069884686696,57.57934399092072
100,17.379310344827587,0.16206896551724137,42,0,2.8166468489892984,0.9407069884686696,63.58229687508053
100,17.379310344827587,0.21275862068965518,42,0,3.697598097502973,0.9407069884686696,48.433840407273664
100,17.379310344827587,0.2296551724137931,42,0,3.9912485136741975,0.9407069884686696,44.870389686618395
100,17.379310344827587,0.24655172413793103,42,0,4.284898929845422,0.9407069884686696,41.79535598781518
100,17.379310344827587,0.2634482758620689,42,0,4.578549346016646,0.9407069884686696,39.11476378440818
100,17.379310344827587,0.2803448275862069,42,0,4.872199762187871,0.9407069884686696,36.75729339641802
100,17.379310344827587,0.29724137931034483,42,0,5.165850178359097,0.9407069884686696,34.667841683628595
100,17.379310344827587,0.3310344827586207,42,0,5.753151010701546,0.9407069884686696,31.12883284509151
100,17.379310344827587,0.3479310344827586,42,0,6.04680142687277,0.9407069884686696,29.617125402663877
100,17.379310344827587,0.36482758620689654,42,0,6.340451843043995,0.9407069884686696,28.245443791387384
100,17.379310344827587,0.3986206896551724,42,0,6.9277526753864445,0.9407069884686696,25.850933850595027
100,17.379310344827587,0.38172413793103444,42,0,6.6341022592152195,0.9407069884686696,26.995193795201313
100,17.379310344827587,0.41551724137931034,42,0,7.2214030915576695,0.9407069884686696,24.799734050861286
100,17.379310344827587,0.48310344827586205,42,0,8.396004756242569,0.9407069884686696,21.330249487000607
100,17.379310344827587,0.4662068965517241,42,0,8.102354340071344,0.9407069884686696,22.103313262786873
100,17.379310344827587,0.4493103448275862,42,0,7.8087039239001195,0.9407069884686696,22.93451997796458
100,17.379310344827587,0.31413793103448273,42,0,5.459500594530321,0.9407069884686696,32.8031608466387
100,18.03448275862069,0.01,42,0,0.1803448275862069,0.9428610365692965,1030.471707975443
100,17.379310344827587,0.5,42,0,8.689655172413794,0.9407069884686696,20.60943415950886
100,17.379310344827587,0.43241379310344824,42,0,7.515053507728894,0.9407069884686696,23.830685431649005
100,18.03448275862069,0.026896551724137928,42,0,0.4850653983353151,0.9428610365692965,383.1240965549725
100,18.03448275862069,0.04379310344827586,42,0,0.7897859690844233,0.9428610365692965,235.30456323848702
100,18.03448275862069,0.060689655172413794,42,0,1.0945065398335316,0.9428610365692965,169.79363370049913
100,18.03448275862069,0.07758620689655171,42,0,1.3992271105826395,0.9428610365692965,132.81635347239046
100,18.03448275862069,0.09448275862068964,42,0,1.7039476813317478,0.9428610365692965,109.06452383681699
100,18.03448275862069,0.12827586206896552,42,0,2.3133888228299644,0.9428610365692965,80.33247185830066
100,18.03448275862069,0.11137931034482758,42,0,2.008668252080856,0.9428610365692965,92.51913167581378
100,18.03448275862069,0.1789655172413793,42,0,3.2275505350772886,0.9428610365692965,57.57934399092072
100,18.03448275862069,0.19586206896551722,42,0,3.532271105826397,0.9428610365692965,52.612111850858895
100,18.03448275862069,0.16206896551724137,42,0,2.9228299643281805,0.9428610365692965,63.58229687508053
100,18.03448275862069,0.2296551724137931,42,0,4.141712247324613,0.9428610365692965,44.870389686618395
100,18.03448275862069,0.2634482758620689,42,0,4.7511533888228294,0.9428610365692965,39.11476378440818
100,18.03448275862069,0.29724137931034483,42,0,5.3605945303210465,0.9428610365692965,34.667841683628595
100,18.03448275862069,0.14517241379310344,42,0,2.6181093935790725,0.9428610365692965,70.9826117132728
100,18.03448275862069,0.2803448275862069,42,0,5.055873959571938,0.9428610365692965,36.75729339641802
100,18.03448275862069,0.31413793103448273,42,0,5.665315101070155,0.9428610365692965,32.8031608466387
100,18.03448275862069,0.3310344827586207,42,0,5.970035671819263,0.9428610365692965,31.12883284509151
100,18.03448275862069,0.21275862068965518,42,0,3.8369916765755057,0.9428610365692965,48.433840407273664
100,18.03448275862069,0.3479310344827586,42,0,6.274756242568371,0.9428610365692965,29.617125402663877
100,18.03448275862069,0.24655172413793103,42,0,4.446432818073722,0.9428610365692965,41.79535598781518
100,18.03448275862069,0.38172413793103444,42,0,6.884197384066587,0.9428610365692965,26.995193795201313
100,18.03448275862069,0.3986206896551724,42,0,7.188917954815696,0.9428610365692965,25.850933850595027
100,18.03448275862069,0.41551724137931034,42,0,7.493638525564804,0.9428610365692965,24.799734050861286
100,18.03448275862069,0.43241379310344824,42,0,7.798359096313912,0.9428610365692965,23.830685431649005
100,18.03448275862069,0.5,42,0,9.017241379310345,0.9428610365692965,20.60943415950886
100,18.03448275862069,0.4662068965517241,42,0,8.407800237812127,0.9428610365692965,22.103313262786873
100,18.03448275862069,0.48310344827586205,42,0,8.712520808561237,0.9428610365692965,21.330249487000607
100,18.03448275862069,0.36482758620689654,42,0,6.579476813317479,0.9428610365692965,28.245443791387384
100,18.03448275862069,0.4493103448275862,42,0,8.103079667063021,0.9428610365692965,22.93451997796458
100,18.689655172413794,0.01,42,0,0.18689655172413794,0.9448640628554508,1030.471707975443
100,18.689655172413794,0.026896551724137928,42,0,0.5026872770511296,0.9448640628554508,383.1240965549725
100,18.689655172413794,0.04379310344827586,42,0,0.8184780023781213,0.9448640628554508,235.30456323848702
100,18.689655172413794,0.060689655172413794,42,0,1.1342687277051131,0.9448640628554508,169.79363370049913
100,18.689655172413794,0.11137931034482758,42,0,2.081640903686088,0.9448640628554508,92.51913167581378
100,18.689655172413794,0.07758620689655171,42,0,1.4500594530321045,0.9448640628554508,132.81635347239046
100,18.689655172413794,0.09448275862068964,42,0,1.765850178359096,0.9448640628554508,109.06452383681699
100,18.689655172413794,0.14517241379310344,42,0,2.7132223543400715,0.9448640628554508,70.9826117132728
100,18.689655172413794,0.16206896551724137,42,0,3.029013079667063,0.9448640628554508,63.58229687508053
100,18.689655172413794,0.19586206896551722,42,0,3.6605945303210463,0.9448640628554508,52.612111850858895
100,18.689655172413794,0.1789655172413793,42,0,3.3448038049940547,0.9448640628554508,57.57934399092072
100,18.689655172413794,0.24655172413793103,42,0,4.6079667063020215,0.9448640628554508,41.79535598781518
100,18.689655172413794,0.2296551724137931,42,0,4.2921759809750295,0.9448640628554508,44.870389686618395
100,18.689655172413794,0.21275862068965518,42,0,3.9763852556480384,0.9448640628554508,48.433840407273664
100,18.689655172413794,0.12827586206896552,42,0,2.39743162901308,0.9448640628554508,80.33247185830066
100,18.689655172413794,0.2634482758620689,42,0,4.923757431629013,0.9448640628554508,39.11476378440818
100,18.689655172413794,0.2803448275862069,42,0,5.239548156956005,0.9448640628554508,36.75729339641802
100,18.689655172413794,0.29724137931034483,42,0,5.555338882282997,0.9448640628554508,34.667841683628595
100,18.689655172413794,0.31413793103448273,42,0,5.871129607609988,0.9448640628554508,32.8031608466387
100,18.689655172413794,0.3310344827586207,42,0,6.18692033293698,0.9448640628554508,31.12883284509151
100,18.689655172413794,0.38172413793103444,42,0,7.134292508917954,0.9448640628554508,26.995193795201313
100,18.689655172413794,0.3479310344827586,42,0,6.502711058263971,0.9448640628554508,29.617125402663877
100,18.689655172413794,0.36482758620689654,42,0,6.818501783590963,0.9448640628554508,28.245443791387384
100,18.689655172413794,0.3986206896551724,42,0,7.450083234244946,0.9448640628554508,25.850933850595027
100,18.689655172413794,0.41551724137931034,42,0,7.765873959571938,0.9448640628554508,24.799734050861286
100,18.689655172413794,0.4493103448275862,42,0,8.397455410225922,0.9448640628554508,22.93451997796458
100,18.689655172413794,0.43241379310344824,42,0,8.081664684898929,0.9448640628554508,23.830685431649005
100,18.689655172413794,0.4662068965517241,42,0,8.713246135552913,0.9448640628554508,22.103313262786873
100,18.689655172413794,0.48310344827586205,42,0,9.029036860879904,0.9448640628554508,21.330249487000607
100,18.689655172413794,0.5,42,0,9.344827586206897,0.9448640628554508,20.60943415950886
100,19.344827586206897,0.04379310344827586,42,0,0.8471700356718193,0.9467314117887722,235.30456323848702
100,19.344827586206897,0.026896551724137928,42,0,0.520309155766944,0.9467314117887722,383.1240965549725
100,19.344827586206897,0.01,42,0,0.19344827586206897,0.9467314117887722,1030.471707975443
100,19.344827586206897,0.060689655172413794,42,0,1.1740309155766944,0.9467314117887722,169.79363370049913
100,19.344827586206897,0.07758620689655171,42,0,1.5008917954815693,0.9467314117887722,132.81635347239046
100,19.344827586206897,0.09448275862068964,42,0,1.8277526753864444,0.9467314117887722,109.06452383681699
100,19.344827586206897,0.11137931034482758,42,0,2.15461355529132,0.9467314117887722,92.51913167581378
100,19.344827586206897,0.12827586206896552,42,0,2.481474435196195,0.9467314117887722,80.33247185830066
100,19.344827586206897,0.14517241379310344,42,0,2.80833531510107,0.9467314117887722,70.9826117132728
100,19.344827586206897,0.16206896551724137,42,0,3.1351961950059453,0.9467314117887722,63.58229687508053
100,19.344827586206897,0.1789655172413793,42,0,3.4620570749108204,0.9467314117887722,57.57934399092072
100,19.344827586206897,0.19586206896551722,42,0,3.7889179548156955,0.9467314117887722,52.612111850858895
100,19.344827586206897,0.21275862068965518,42,0,4.115778834720571,0.9467314117887722,48.433840407273664
100,19.344827586206897,0.24655172413793103,42,0,4.769500594530321,0.9467314117887722,41.79535598781518
100,19.344827586206897,0.2634482758620689,42,0,5.096361474435195,0.9467314117887722,39.11476378440818
100,19.344827586206897,0.2296551724137931,42,0,4.442639714625446,0.9467314117887722,44.870389686618395
100,19.344827586206897,0.2803448275862069,42,0,5.423222354340071,0.9467314117887722,36.75729339641802
100,19.344827586206897,0.29724137931034483,42,0,5.750083234244947,0.9467314117887722,34.667841683628595
100,19.344827586206897,0.31413793103448273,42,0,6.076944114149821,0.9467314117887722,32.8031608466387
100,19.344827586206897,0.3479310344827586,42,0,6.7306658739595715,0.9467314117887722,29.617125402663877
100,19.344827586206897,0.36482758620689654,42,0,7.057526753864447,0.9467314117887722,28.245443791387384
100,19.344827586206897,0.3310344827586207,42,0,6.403804994054696,0.9467314117887722,31.12883284509151
100,19.344827586206897,0.38172413793103444,42,0,7.384387633769322,0.9467314117887722,26.995193795201313
100,19.344827586206897,0.3986206896551724,42,0,7.711248513674197,0.9467314117887722,25.850933850595027
100,19.344827586206897,0.41551724137931034,42,0,8.038109393579072,0.9467314117887722,24.799734050861286
100,19.344827586206897,0.43241379310344824,42,0,8.364970273483948,0.9467314117887722,23.830685431649005
100,19.344827586206897,0.4493103448275862,42,0,8.691831153388822,0.9467314117887722,22.93451997796458
100,19.344827586206897,0.4662068965517241,42,0,9.018692033293696,0.9467314117887722,22.103313262786873
100,19.344827586206897,0.48310344827586205,42,0,9.345552913198572,0.9467314117887722,21.330249487000607
100,19.344827586206897,0.5,42,0,9.672413793103448,0.9467314117887722,20.60943415950886
100,20.0,0.01,42,0,0.2,0.9484764171774069,1030.471707975443
100,20.0,0.026896551724137928,42,0,0.5379310344827586,0.9484764171774069,383.1240965549725
100,20.0,0.04379310344827586,42,0,0.8758620689655172,0.9484764171774069,235.30456323848702
100,20.0,0.060689655172413794,42,0,1.2137931034482758,0.9484764171774069,169.79363370049913
100,20.0,0.09448275862068964,42,0,1.8896551724137929,0.9484764171774069,109.06452383681699
100,20.0,0.07758620689655171,42,0,1.5517241379310343,0.9484764171774069,132.81635347239046
100,20.0,0.14517241379310344,42,0,2.9034482758620688,0.9484764171774069,70.9826117132728
100,20.0,0.11137931034482758,42,0,2.2275862068965515,0.9484764171774069,92.51913167581378
100,20.0,0.12827586206896552,42,0,2.56551724137931,0.9484764171774069,80.33247185830066
100,20.0,0.16206896551724137,42,0,3.2413793103448274,0.9484764171774069,63.58229687508053
100,20.0,0.1789655172413793,42,0,3.579310344827586,0.9484764171774069,57.57934399092072
100,20.0,0.19586206896551722,42,0,3.9172413793103447,0.9484764171774069,52.612111850858895
100,20.0,0.21275862068965518,42,0,4.255172413793104,0.9484764171774069,48.433840407273664
100,20.0,0.2296551724137931,42,0,4.593103448275862,0.9484764171774069,44.870389686618395
100,20.0,0.24655172413793103,42,0,4.931034482758621,0.9484764171774069,41.79535598781518
100,20.0,0.2634482758620689,42,0,5.268965517241378,0.9484764171774069,39.11476378440818
100,20.0,0.2803448275862069,42,0,5.606896551724137,0.9484764171774069,36.75729339641802
100,20.0,0.3479310344827586,42,0,6.958620689655172,0.9484764171774069,29.617125402663877
100,20.0,0.36482758620689654,42,0,7.296551724137931,0.9484764171774069,28.245443791387384
100,20.0,0.29724137931034483,42,0,5.944827586206896,0.9484764171774069,34.667841683628595
100,20.0,0.3310344827586207,42,0,6.620689655172414,0.9484764171774069,31.12883284509151
100,20.0,0.31413793103448273,42,0,6.282758620689655,0.9484764171774069,32.8031608466387
100,20.0,0.41551724137931034,42,0,8.310344827586206,0.9484764171774069,24.799734050861286
100,20.0,0.3986206896551724,42,0,7.972413793103447,0.9484764171774069,25.850933850595027
100,20.0,0.43241379310344824,42,0,8.648275862068965,0.9484764171774069,23.830685431649005
100,20.0,0.38172413793103444,42,0,7.634482758620688,0.9484764171774069,26.995193795201313
100,20.0,0.4493103448275862,42,0,8.986206896551725,0.9484764171774069,22.93451997796458
100,20.0,0.4662068965517241,42,0,9.324137931034482,0.9484764171774069,22.103313262786873
100,20.0,0.48310344827586205,42,0,9.662068965517241,0.9484764171774069,21.330249487000607
100,20.0,0.5,42,0,10.0,0.9484764171774069,20.60943415950886
